,value
1993-09-01,0.279527568
1993-09-02,0.299212608
1993-09-03,0.0
1993-09-04,0.0
1993-09-05,0.0
1993-09-06,0.0
1993-09-07,0.0
1993-09-08,0.0
1993-09-09,0.0
1993-09-10,0.0
1993-09-11,0.0
1993-09-12,0.0
1993-09-13,0.0
1993-09-14,1.20078744
1993-09-15,0.0984252
1993-09-16,0.0
1993-09-17,0.0
1993-09-18,0.0
1993-09-19,0.0
1993-09-20,0.03937008
1993-09-21,0.0
1993-09-22,0.0
1993-09-23,0.0
1993-09-24,0.0
1993-09-25,0.0
1993-09-26,0.11811024
1993-09-27,0.0
1993-09-28,0.0
1993-09-29,0.0
1993-09-30,0.0
1993-10-01,0.0
1993-10-02,0.0
1993-10-03,0.0
1993-10-04,0.0
1993-10-05,0.0
1993-10-06,0.0
1993-10-07,0.0
1993-10-08,0.0
1993-10-09,0.0
1993-10-10,0.0
1993-10-11,0.0
1993-10-12,0.0
1993-10-13,0.7795275840000001
1993-10-14,0.381889776
1993-10-15,0.228346464
1993-10-16,0.0
1993-10-17,0.0
1993-10-18,0.0
1993-10-19,0.0
1993-10-20,0.228346464
1993-10-21,0.46850395200000006
1993-10-22,0.05905512
1993-10-23,0.0
1993-10-24,0.0
1993-10-25,0.0
1993-10-26,0.0
1993-10-27,0.0
1993-10-28,0.0
1993-10-29,1.881889824
1993-10-30,0.051181104000000005
1993-10-31,0.0
1993-11-01,0.0
1993-11-02,0.0
1993-11-03,0.0
1993-11-04,0.18110236799999999
1993-11-05,0.0
1993-11-06,0.0
1993-11-07,0.0
1993-11-08,0.0
1993-11-09,0.031496064000000004
1993-11-10,0.0
1993-11-11,0.0
1993-11-12,0.0
1993-11-13,0.03937008
1993-11-14,2.271653616
1993-11-15,1.598425248
1993-11-16,1.14173232
1993-11-17,0.0
1993-11-18,0.0
1993-11-19,0.0
1993-11-20,0.0
1993-11-21,0.0
1993-11-22,0.0
1993-11-23,0.0
1993-11-24,0.0
1993-11-25,0.0
1993-11-26,0.129921264
1993-11-27,0.0
1993-11-28,0.0
1993-11-29,0.0
1993-11-30,0.0
1993-12-01,0.0
1993-12-02,0.0
1993-12-03,0.070866144
1993-12-04,0.271653552
1993-12-05,0.0
1993-12-06,0.0
1993-12-07,0.0
1993-12-08,0.0
1993-12-09,0.0
1993-12-10,0.220472448
1993-12-11,0.0
1993-12-12,0.0
1993-12-13,1.2992126400000001
1993-12-14,0.031496064000000004
1993-12-15,0.0
1993-12-16,0.0
1993-12-17,0.0
1993-12-18,0.0
1993-12-19,0.0
1993-12-20,0.18110236799999999
1993-12-21,0.0
1993-12-22,0.66929136
1993-12-23,0.0
1993-12-24,0.0
1993-12-25,0.0
1993-12-26,0.0
1993-12-27,0.0
1993-12-28,0.51181104
1993-12-29,0.0
1993-12-30,0.0
1993-12-31,0.0
1994-01-01,0.5511811200000001
1994-01-02,0.0
1994-01-03,0.188976384
1994-01-04,0.0
1994-01-05,0.0
1994-01-06,0.0
1994-01-07,0.46850395200000006
1994-01-08,0.0
1994-01-09,0.0
1994-01-10,0.0
1994-01-11,0.208661424
1994-01-12,0.0
1994-01-13,0.0
1994-01-14,0.0
1994-01-15,0.0
1994-01-16,0.0
1994-01-17,2.149606368
1994-01-18,0.0
1994-01-19,0.0
1994-01-20,0.0
1994-01-21,0.0
1994-01-22,0.0
1994-01-23,0.0
1994-01-24,0.0
1994-01-25,0.0
1994-01-26,0.01968504
1994-01-27,4.720472592
1994-01-28,0.0
1994-01-29,0.0
1994-01-30,0.0
1994-01-31,0.0
1994-02-01,0.0
1994-02-02,0.0
1994-02-03,0.0
1994-02-04,0.169291344
1994-02-05,2.4212599200000002
1994-02-06,0.0
1994-02-07,0.169291344
1994-02-08,0.0
1994-02-09,0.61023624
1994-02-10,1.9881890400000002
1994-02-11,0.011811024
1994-02-12,0.0
1994-02-13,0.0
1994-02-14,0.0
1994-02-15,0.0
1994-02-16,0.0
1994-02-17,0.0
1994-02-18,0.0
1994-02-19,0.0
1994-02-20,0.0
1994-02-21,0.0
1994-02-22,0.38976379200000005
1994-02-23,0.381889776
1994-02-24,0.0
1994-02-25,0.0
1994-02-26,0.0
1994-02-27,0.0
1994-02-28,0.0
1994-03-01,2.188976448
1994-03-02,0.031496064000000004
1994-03-03,0.0
1994-03-04,0.0
1994-03-05,0.0
1994-03-06,0.0
1994-03-07,0.0
1994-03-08,0.0
1994-03-09,1.14173232
1994-03-10,0.0
1994-03-11,0.0
1994-03-12,0.0
1994-03-13,0.0
1994-03-14,0.0
1994-03-15,0.0
1994-03-16,0.0
1994-03-17,0.0
1994-03-18,0.0
1994-03-19,0.0
1994-03-20,0.0
1994-03-21,0.0
1994-03-22,0.0
1994-03-23,0.169291344
1994-03-24,0.8897638080000001
1994-03-25,0.0
1994-03-26,0.03937008
1994-03-27,1.169291376
1994-03-28,0.0
1994-03-29,0.0
1994-03-30,0.0
1994-03-31,0.0
1994-04-01,0.0
1994-04-02,0.0
1994-04-03,0.051181104000000005
1994-04-04,0.0
1994-04-05,2.728346544
1994-04-06,0.539370096
1994-04-07,0.0
1994-04-08,0.0
1994-04-09,0.0
1994-04-10,0.0
1994-04-11,0.0
1994-04-12,0.480314976
1994-04-13,0.0
1994-04-14,0.0
1994-04-15,0.381889776
1994-04-16,0.0
1994-04-17,0.0
1994-04-18,0.0
1994-04-19,0.0
1994-04-20,0.0
1994-04-21,0.0
1994-04-22,0.0
1994-04-23,0.0
1994-04-24,0.0
1994-04-25,0.0
1994-04-26,0.0
1994-04-27,0.0
1994-04-28,0.0
1994-04-29,0.0
1994-04-30,0.141732288
1994-05-01,0.0
1994-05-02,0.0
1994-05-03,1.88976384
1994-05-04,0.0
1994-05-05,0.0
1994-05-06,0.0
1994-05-07,0.0
1994-05-08,0.0
1994-05-09,0.03937008
1994-05-10,0.0
1994-05-11,0.0
1994-05-12,0.0
1994-05-13,0.0
1994-05-14,0.240157488
1994-05-15,0.0
1994-05-16,0.0
1994-05-17,0.0
1994-05-18,0.0
1994-05-19,0.0
1994-05-20,0.0
1994-05-21,0.0
1994-05-22,0.0
1994-05-23,0.0
1994-05-24,0.0
1994-05-25,0.0
1994-05-26,0.031496064000000004
1994-05-27,0.01968504
1994-05-28,0.0
1994-05-29,0.0
1994-05-30,0.031496064000000004
1994-05-31,0.0
1994-06-01,0.0
1994-06-02,0.031496064000000004
1994-06-03,0.7204724640000001
1994-06-04,0.0
1994-06-05,0.031496064000000004
1994-06-06,0.0
1994-06-07,0.0
1994-06-08,0.0
1994-06-09,0.228346464
1994-06-10,1.7992126560000001
1994-06-11,0.0
1994-06-12,0.0
1994-06-13,0.169291344
1994-06-14,0.0
1994-06-15,0.0
1994-06-16,0.0
1994-06-17,0.0
1994-06-18,0.0
1994-06-19,0.0
1994-06-20,0.618110256
1994-06-21,0.070866144
1994-06-22,0.141732288
1994-06-23,0.0
1994-06-24,2.669291424
1994-06-25,0.0
1994-06-26,0.0
1994-06-27,0.0
1994-06-28,0.0
1994-06-29,0.8897638080000001
1994-06-30,0.0
1994-07-01,0.0
1994-07-02,0.0
1994-07-03,0.0
1994-07-04,0.0
1994-07-05,0.0
1994-07-06,0.0
1994-07-07,0.0
1994-07-08,0.0
1994-07-09,0.149606304
1994-07-10,0.051181104000000005
1994-07-11,1.188976416
1994-07-12,0.228346464
1994-07-13,0.169291344
1994-07-14,0.0
1994-07-15,0.641732304
1994-07-16,1.070866176
1994-07-17,0.11811024
1994-07-18,0.0
1994-07-19,0.0
1994-07-20,0.519685056
1994-07-21,0.0
1994-07-22,0.401574816
1994-07-23,0.0
1994-07-24,0.0
1994-07-25,0.0
1994-07-26,0.200787408
1994-07-27,0.350393712
1994-07-28,0.0
1994-07-29,0.0
1994-07-30,0.0
1994-07-31,0.0
1994-08-01,0.0
1994-08-02,0.0
1994-08-03,2.039370144
1994-08-04,0.188976384
1994-08-05,0.161417328
1994-08-06,0.0
1994-08-07,0.0
1994-08-08,1.000000032
1994-08-09,0.0
1994-08-10,0.070866144
1994-08-11,0.09055118399999999
1994-08-12,0.0
1994-08-13,0.0
1994-08-14,0.0
1994-08-15,0.0
1994-08-16,0.0
1994-08-17,0.0
1994-08-18,0.0
1994-08-19,0.07874016
1994-08-20,0.149606304
1994-08-21,0.48818899200000004
1994-08-22,0.0
1994-08-23,0.0
1994-08-24,0.0
1994-08-25,0.0
1994-08-26,0.0
1994-08-27,0.0
1994-08-28,0.0
1994-08-29,0.0
1994-08-30,0.0
1994-08-31,0.01968504
1994-09-01,0.46850395200000006
1994-09-02,0.0
1994-09-03,0.0
1994-09-04,0.0
1994-09-05,0.0
1994-09-06,0.011811024
1994-09-07,0.0
1994-09-08,0.0
1994-09-09,0.0
1994-09-10,0.0
1994-09-11,0.0
1994-09-12,0.0
1994-09-13,0.0
1994-09-14,0.0
1994-09-15,0.0
1994-09-16,0.7795275840000001
1994-09-17,0.5511811200000001
1994-09-18,0.0
1994-09-19,0.0
1994-09-20,0.0
1994-09-21,0.0
1994-09-22,0.0
1994-09-23,0.0
1994-09-24,0.0
1994-09-25,0.0
1994-09-26,0.0
1994-09-27,0.0
1994-09-28,0.0
1994-09-29,0.0
1994-09-30,0.0
1994-10-01,0.0
1994-10-02,0.9803149919999999
1994-10-03,0.011811024
1994-10-04,0.0
1994-10-05,0.0
1994-10-06,0.0
1994-10-07,0.0
1994-10-08,0.480314976
1994-10-09,0.228346464
1994-10-10,0.0
1994-10-11,1.1811024
1994-10-12,0.6614173440000001
1994-10-13,0.0
1994-10-14,0.0
1994-10-15,0.011811024
1994-10-16,0.0
1994-10-17,0.05905512
1994-10-18,0.01968504
1994-10-19,0.01968504
1994-10-20,0.799212624
1994-10-21,0.519685056
1994-10-22,0.149606304
1994-10-23,0.0
1994-10-24,0.0
1994-10-25,0.0
1994-10-26,0.0
1994-10-27,0.0
1994-10-28,0.0
1994-10-29,0.0
1994-10-30,0.0
1994-10-31,0.0
1994-11-01,0.0
1994-11-02,0.0
1994-11-03,0.0
1994-11-04,0.0
1994-11-05,0.33070867200000004
1994-11-06,0.0
1994-11-07,0.0
1994-11-08,0.0
1994-11-09,0.681102384
1994-11-10,0.051181104000000005
1994-11-11,0.0
1994-11-12,0.0
1994-11-13,0.0
1994-11-14,0.0
1994-11-15,0.0
1994-11-16,0.0
1994-11-17,0.0
1994-11-18,0.0
1994-11-19,0.0
1994-11-20,0.0
1994-11-21,0.149606304
1994-11-22,0.0
1994-11-23,0.0
1994-11-24,0.0
1994-11-25,0.09055118399999999
1994-11-26,0.031496064000000004
1994-11-27,1.1811024
1994-11-28,0.05905512
1994-11-29,0.0
1994-11-30,0.0
1994-12-01,0.0
1994-12-02,0.0
1994-12-03,1.169291376
1994-12-04,0.129921264
1994-12-05,0.0
1994-12-06,0.0
1994-12-07,0.0
1994-12-08,0.0
1994-12-09,0.208661424
1994-12-10,0.338582688
1994-12-11,0.0
1994-12-12,0.0
1994-12-13,0.0
1994-12-14,0.279527568
1994-12-15,0.07874016
1994-12-16,0.62992128
1994-12-17,0.0
1994-12-18,0.0
1994-12-19,0.0
1994-12-20,0.0
1994-12-21,0.33070867200000004
1994-12-22,0.0
1994-12-23,0.0
1994-12-24,0.0
1994-12-25,0.0
1994-12-26,0.0
1994-12-27,0.0
1994-12-28,0.0
1994-12-29,0.11811024
1994-12-30,0.0
1994-12-31,0.01968504
1995-01-01,0.0
1995-01-02,0.0
1995-01-03,0.0
1995-01-04,0.0
1995-01-05,0.0
1995-01-06,1.14173232
1995-01-07,0.0
1995-01-08,0.0
1995-01-09,0.0
1995-01-10,0.0
1995-01-11,0.0
1995-01-12,0.0
1995-01-13,0.169291344
1995-01-14,0.149606304
1995-01-15,0.0
1995-01-16,0.0
1995-01-17,0.0
1995-01-18,1.4488189439999999
1995-01-19,0.0
1995-01-20,0.0
1995-01-21,0.0
1995-01-22,0.228346464
1995-01-23,0.01968504
1995-01-24,0.0
1995-01-25,0.0
1995-01-26,0.07874016
1995-01-27,0.440944896
1995-01-28,0.0
1995-01-29,0.0
1995-01-30,0.0
1995-01-31,0.0
1995-02-01,0.0
1995-02-02,0.0
1995-02-03,0.0
1995-02-04,0.0
1995-02-05,0.0
1995-02-06,0.0
1995-02-07,0.0
1995-02-08,0.0
1995-02-09,0.01968504
1995-02-10,0.200787408
1995-02-11,0.141732288
1995-02-12,0.0
1995-02-13,0.0
1995-02-14,0.031496064000000004
1995-02-15,0.0
1995-02-16,0.338582688
1995-02-17,0.220472448
1995-02-18,0.0
1995-02-19,0.129921264
1995-02-20,0.0
1995-02-21,0.0
1995-02-22,0.0
1995-02-23,0.0
1995-02-24,0.0
1995-02-25,0.0
1995-02-26,0.0
1995-02-27,0.291338592
1995-02-28,0.641732304
1995-03-01,0.0
1995-03-02,0.011811024
1995-03-03,0.051181104000000005
1995-03-04,0.9881890080000001
1995-03-05,0.61023624
1995-03-06,0.33070867200000004
1995-03-07,1.488189024
1995-03-08,0.0
1995-03-09,0.0
1995-03-10,0.0
1995-03-11,0.0
1995-03-12,0.0
1995-03-13,0.0
1995-03-14,1.188976416
1995-03-15,1.14173232
1995-03-16,0.0
1995-03-17,0.240157488
1995-03-18,0.0
1995-03-19,0.0
1995-03-20,0.0
1995-03-21,0.0
1995-03-22,0.0
1995-03-23,0.0
1995-03-24,0.0
1995-03-25,0.0
1995-03-26,0.0
1995-03-27,0.500000016
1995-03-28,0.0
1995-03-29,0.070866144
1995-03-30,0.011811024
1995-03-31,0.0
1995-04-01,0.0
1995-04-02,0.0
1995-04-03,0.0
1995-04-04,0.0
1995-04-05,0.011811024
1995-04-06,0.0
1995-04-07,0.0
1995-04-08,0.0
1995-04-09,0.0
1995-04-10,0.299212608
1995-04-11,1.2992126400000001
1995-04-12,0.0
1995-04-13,0.0
1995-04-14,0.0
1995-04-15,0.0
1995-04-16,0.0
1995-04-17,0.0
1995-04-18,0.0
1995-04-19,0.0
1995-04-20,2.649606384
1995-04-21,0.0
1995-04-22,2.8818898560000004
1995-04-23,1.4409449280000002
1995-04-24,0.0
1995-04-25,0.0
1995-04-26,0.0
1995-04-27,0.0
1995-04-28,0.0
1995-04-29,0.0
1995-04-30,0.011811024
1995-05-01,0.011811024
1995-05-02,0.0
1995-05-03,0.141732288
1995-05-04,0.40944883200000004
1995-05-05,0.0
1995-05-06,0.05905512
1995-05-07,0.0
1995-05-08,0.53149608
1995-05-09,0.0
1995-05-10,0.0
1995-05-11,0.0
1995-05-12,0.0
1995-05-13,0.0
1995-05-14,0.0
1995-05-15,0.0
1995-05-16,0.0
1995-05-17,0.0
1995-05-18,1.059055152
1995-05-19,0.0
1995-05-20,0.0
1995-05-21,0.0
1995-05-22,0.0
1995-05-23,0.0
1995-05-24,0.0
1995-05-25,0.0
1995-05-26,0.0
1995-05-27,0.0
1995-05-28,0.259842528
1995-05-29,1.8188976960000003
1995-05-30,0.011811024
1995-05-31,0.0
1995-06-01,1.598425248
1995-06-02,0.0
1995-06-03,0.0
1995-06-04,0.0
1995-06-05,0.0
1995-06-06,0.0
1995-06-07,0.0
1995-06-08,0.0
1995-06-09,0.0
1995-06-10,0.0
1995-06-11,0.25196851200000003
1995-06-12,0.0
1995-06-13,0.0
1995-06-14,0.0
1995-06-15,0.0
1995-06-16,0.0
1995-06-17,0.0
1995-06-18,0.0
1995-06-19,0.0
1995-06-20,0.48818899200000004
1995-06-21,0.0
1995-06-22,0.0
1995-06-23,0.0
1995-06-24,1.2401575200000001
1995-06-25,0.011811024
1995-06-26,0.0
1995-06-27,0.0
1995-06-28,0.0
1995-06-29,0.0
1995-06-30,0.011811024
1995-07-01,0.01968504
1995-07-02,0.0
1995-07-03,0.358267728
1995-07-04,0.0
1995-07-05,1.2519685440000001
1995-07-06,0.0
1995-07-07,0.0
1995-07-08,0.0
1995-07-09,0.0
1995-07-10,0.0
1995-07-11,0.0
1995-07-12,0.0
1995-07-13,0.161417328
1995-07-14,0.129921264
1995-07-15,0.0
1995-07-16,0.0
1995-07-17,0.0
1995-07-18,0.011811024
1995-07-19,0.0
1995-07-20,2.46063
1995-07-21,0.0
1995-07-22,0.0
1995-07-23,0.0
1995-07-24,0.0
1995-07-25,0.0
1995-07-26,0.0
1995-07-27,0.0
1995-07-28,0.681102384
1995-07-29,0.0
1995-07-30,0.03937008
1995-07-31,0.18110236799999999
1995-08-01,0.0
1995-08-02,0.0
1995-08-03,0.421259856
1995-08-04,1.7598425760000003
1995-08-05,2.448818976
1995-08-06,0.220472448
1995-08-07,0.070866144
1995-08-08,0.0
1995-08-09,0.01968504
1995-08-10,0.0
1995-08-11,0.0
1995-08-12,0.0
1995-08-13,0.0
1995-08-14,0.0
1995-08-15,0.0
1995-08-16,0.0
1995-08-17,0.0
1995-08-18,0.0
1995-08-19,0.0
1995-08-20,0.0
1995-08-21,0.318897648
1995-08-22,0.0
1995-08-23,0.0
1995-08-24,0.0
1995-08-25,0.0
1995-08-26,0.0
1995-08-27,0.0
1995-08-28,0.0
1995-08-29,0.0
1995-08-30,0.0
1995-08-31,0.0
1995-09-01,0.0
1995-09-02,0.0
1995-09-03,0.0
1995-09-04,0.0
1995-09-05,0.0
1995-09-06,0.0
1995-09-07,0.0
1995-09-08,0.0
1995-09-09,0.0
1995-09-10,0.0
1995-09-11,0.0
1995-09-12,0.0
1995-09-13,0.0
1995-09-14,0.0
1995-09-15,0.05905512
1995-09-16,0.0
1995-09-17,0.0
1995-09-18,0.0
1995-09-19,0.0
1995-09-20,0.208661424
1995-09-21,1.208661456
1995-09-22,0.031496064000000004
1995-09-23,0.0
1995-09-24,0.0
1995-09-25,0.0
1995-09-26,0.0
1995-09-27,0.0
1995-09-28,0.0
1995-09-29,0.0
1995-09-30,0.0
1995-10-01,0.0
1995-10-02,0.46850395200000006
1995-10-03,3.0000000960000004
1995-10-04,0.110236224
1995-10-05,0.0
1995-10-06,0.0
1995-10-07,0.0
1995-10-08,0.0
1995-10-09,0.0
1995-10-10,0.0
1995-10-11,0.0
1995-10-12,0.0
1995-10-13,0.18110236799999999
1995-10-14,1.881889824
1995-10-15,0.0
1995-10-16,0.0
1995-10-17,0.0
1995-10-18,0.0
1995-10-19,0.0
1995-10-20,0.01968504
1995-10-21,0.0
1995-10-22,0.0
1995-10-23,0.0
1995-10-24,0.0
1995-10-25,0.0
1995-10-26,0.011811024
1995-10-27,0.72834648
1995-10-28,0.0
1995-10-29,0.0
1995-10-30,0.01968504
1995-10-31,0.09055118399999999
1995-11-01,0.358267728
1995-11-02,0.500000016
1995-11-03,0.05905512
1995-11-04,0.0
1995-11-05,0.031496064000000004
1995-11-06,0.141732288
1995-11-07,1.051181136
1995-11-08,0.0
1995-11-09,0.0
1995-11-10,1.539370128
1995-11-11,0.519685056
1995-11-12,0.0
1995-11-13,0.271653552
1995-11-14,0.0
1995-11-15,0.0
1995-11-16,0.0
1995-11-17,0.0
1995-11-18,0.0
1995-11-19,0.0
1995-11-20,0.0
1995-11-21,0.0
1995-11-22,0.0
1995-11-23,0.350393712
1995-11-24,0.0
1995-11-25,0.0
1995-11-26,0.0
1995-11-27,0.011811024
1995-11-28,1.370078784
1995-11-29,0.0
1995-11-30,0.0
1995-12-01,0.0
1995-12-02,0.0
1995-12-03,0.07874016
1995-12-04,0.0
1995-12-05,0.0
1995-12-06,0.33070867200000004
1995-12-07,0.0
1995-12-08,0.618110256
1995-12-09,0.0
1995-12-10,0.0
1995-12-11,0.0
1995-12-12,0.0
1995-12-13,0.0
1995-12-14,0.0
1995-12-15,0.0
1995-12-16,0.559055136
1995-12-17,1.570866192
1995-12-18,2.188976448
1995-12-19,0.0
1995-12-20,0.0
1995-12-21,0.0
1995-12-22,0.0
1995-12-23,0.0
1995-12-24,0.0
1995-12-25,0.0
1995-12-26,0.0
1995-12-27,0.0
1995-12-28,0.0
1995-12-29,0.0
1995-12-30,0.03937008
1995-12-31,0.051181104000000005
1996-01-01,0.460629936
1996-01-02,0.05905512
1996-01-03,0.031496064000000004
1996-01-04,0.0
1996-01-05,0.25196851200000003
1996-01-06,0.539370096
1996-01-07,0.0
1996-01-08,0.0
1996-01-09,0.0
1996-01-10,0.0
1996-01-11,0.31102363200000005
1996-01-12,0.0
1996-01-13,0.0
1996-01-14,0.0
1996-01-15,0.0
1996-01-16,0.01968504
1996-01-17,0.0
1996-01-18,0.8897638080000001
1996-01-19,0.0
1996-01-20,0.01968504
1996-01-21,0.11811024
1996-01-22,0.0
1996-01-23,1.070866176
1996-01-24,0.09055118399999999
1996-01-25,0.0
1996-01-26,3.5590552320000004
1996-01-27,0.0
1996-01-28,0.0
1996-01-29,0.051181104000000005
1996-01-30,1.3818898080000002
1996-01-31,0.0
1996-02-01,0.8700787680000001
1996-02-02,0.169291344
1996-02-03,0.0
1996-02-04,0.0
1996-02-05,0.0
1996-02-06,0.0
1996-02-07,0.0
1996-02-08,0.0
1996-02-09,0.0
1996-02-10,0.0
1996-02-11,0.011811024
1996-02-12,0.0
1996-02-13,0.0
1996-02-14,0.0
1996-02-15,0.0
1996-02-16,0.0
1996-02-17,0.0
1996-02-18,0.0
1996-02-19,0.838582704
1996-02-20,0.0
1996-02-21,0.0
1996-02-22,0.0
1996-02-23,0.0
1996-02-24,0.0
1996-02-25,0.0
1996-02-26,0.0
1996-02-27,0.0
1996-02-28,0.110236224
1996-02-29,0.011811024
1996-03-01,0.0
1996-03-02,0.0
1996-03-03,0.0
1996-03-04,0.0
1996-03-05,1.350393744
1996-03-06,1.511811072
1996-03-07,0.240157488
1996-03-08,0.0
1996-03-09,0.0
1996-03-10,0.0
1996-03-11,0.0
1996-03-12,0.0
1996-03-13,0.0
1996-03-14,0.0
1996-03-15,0.0
1996-03-16,0.0
1996-03-17,0.161417328
1996-03-18,1.7716536
1996-03-19,0.0
1996-03-20,0.0
1996-03-21,0.0
1996-03-22,0.0
1996-03-23,0.0
1996-03-24,0.291338592
1996-03-25,1.5590551680000002
1996-03-26,0.401574816
1996-03-27,0.05905512
1996-03-28,0.0
1996-03-29,0.0
1996-03-30,0.338582688
1996-03-31,0.901574832
1996-04-01,0.0
1996-04-02,0.0
1996-04-03,0.0
1996-04-04,0.0
1996-04-05,0.0984252
1996-04-06,0.110236224
1996-04-07,0.0
1996-04-08,0.0
1996-04-09,0.0
1996-04-10,0.0
1996-04-11,0.0
1996-04-12,0.220472448
1996-04-13,0.7598425440000001
1996-04-14,2.4881890560000004
1996-04-15,0.0
1996-04-16,0.0
1996-04-17,0.0
1996-04-18,0.0
1996-04-19,0.0
1996-04-20,0.03937008
1996-04-21,0.0
1996-04-22,1.4488189439999999
1996-04-23,0.11811024
1996-04-24,0.0
1996-04-25,0.0
1996-04-26,0.500000016
1996-04-27,0.0
1996-04-28,0.0
1996-04-29,0.220472448
1996-04-30,0.0
1996-05-01,0.0
1996-05-02,0.0
1996-05-03,0.0
1996-05-04,0.0
1996-05-05,0.0
1996-05-06,0.0
1996-05-07,0.0
1996-05-08,0.0
1996-05-09,0.0
1996-05-10,0.0
1996-05-11,0.559055136
1996-05-12,0.0
1996-05-13,0.0
1996-05-14,0.0
1996-05-15,0.0
1996-05-16,0.0
1996-05-17,0.0
1996-05-18,0.0
1996-05-19,0.0
1996-05-20,0.0
1996-05-21,0.0
1996-05-22,0.0
1996-05-23,0.0
1996-05-24,0.0
1996-05-25,0.0
1996-05-26,0.0
1996-05-27,0.01968504
1996-05-28,0.01968504
1996-05-29,0.11811024
1996-05-30,0.0
1996-05-31,0.0
1996-06-01,0.8307086880000001
1996-06-02,0.03937008
1996-06-03,0.0
1996-06-04,0.0
1996-06-05,0.0
1996-06-06,0.0
1996-06-07,0.188976384
1996-06-08,0.0
1996-06-09,0.0
1996-06-10,0.0
1996-06-11,0.0
1996-06-12,0.0
1996-06-13,0.259842528
1996-06-14,0.381889776
1996-06-15,0.0
1996-06-16,0.0
1996-06-17,0.0
1996-06-18,1.708661472
1996-06-19,0.0
1996-06-20,0.0
1996-06-21,0.0
1996-06-22,0.0
1996-06-23,0.0
1996-06-24,0.220472448
1996-06-25,0.220472448
1996-06-26,0.0
1996-06-27,0.0
1996-06-28,0.0
1996-06-29,0.0
1996-06-30,0.0
1996-07-01,0.0
1996-07-02,0.0
1996-07-03,0.0
1996-07-04,0.0
1996-07-05,0.0
1996-07-06,0.0
1996-07-07,0.0
1996-07-08,0.208661424
1996-07-09,2.011811088
1996-07-10,0.0
1996-07-11,0.0
1996-07-12,0.0
1996-07-13,0.0
1996-07-14,0.598425216
1996-07-15,0.7913386080000001
1996-07-16,0.03937008
1996-07-17,0.141732288
1996-07-18,0.0
1996-07-19,0.0
1996-07-20,0.0
1996-07-21,0.0
1996-07-22,0.0
1996-07-23,0.0
1996-07-24,0.559055136
1996-07-25,0.01968504
1996-07-26,0.03937008
1996-07-27,0.460629936
1996-07-28,0.5511811200000001
1996-07-29,0.0
1996-07-30,1.531496112
1996-07-31,0.03937008
1996-08-01,0.279527568
1996-08-02,0.11811024
1996-08-03,0.09055118399999999
1996-08-04,0.0
1996-08-05,0.01968504
1996-08-06,1.2992126400000001
1996-08-07,0.0
1996-08-08,0.448818912
1996-08-09,0.011811024
1996-08-10,0.0
1996-08-11,0.01968504
1996-08-12,0.8503937280000001
1996-08-13,0.0
1996-08-14,0.0
1996-08-15,0.0
1996-08-16,0.0
1996-08-17,0.0
1996-08-18,0.188976384
1996-08-19,0.0
1996-08-20,0.0
1996-08-21,0.0
1996-08-22,0.0
1996-08-23,0.0
1996-08-24,0.0
1996-08-25,0.129921264
1996-08-26,0.0
1996-08-27,1.570866192
1996-08-28,0.228346464
1996-08-29,1.370078784
1996-08-30,0.05905512
1996-08-31,0.011811024
1996-09-01,0.0
1996-09-02,0.0
1996-09-03,0.0
1996-09-04,0.0
1996-09-05,0.0
1996-09-06,0.0
1996-09-07,0.0
1996-09-08,0.0
1996-09-09,0.0
1996-09-10,0.0
1996-09-11,0.0
1996-09-12,0.0
1996-09-13,0.0
1996-09-14,0.0
1996-09-15,0.169291344
1996-09-16,0.051181104000000005
1996-09-17,0.0
1996-09-18,0.0
1996-09-19,0.0
1996-09-20,0.0
1996-09-21,0.0984252
1996-09-22,0.0
1996-09-23,0.0
1996-09-24,0.0
1996-09-25,0.0
1996-09-26,0.0
1996-09-27,0.358267728
1996-09-28,0.811023648
1996-09-29,0.0
1996-09-30,0.0
1996-10-01,0.0
1996-10-02,0.0
1996-10-03,0.0
1996-10-04,0.0
1996-10-05,0.0
1996-10-06,0.0
1996-10-07,0.0
1996-10-08,0.0
1996-10-09,0.0
1996-10-10,0.0
1996-10-11,0.0
1996-10-12,0.0
1996-10-13,0.0
1996-10-14,0.0
1996-10-15,0.0
1996-10-16,0.0
1996-10-17,0.0
1996-10-18,0.03937008
1996-10-19,0.0
1996-10-20,0.0
1996-10-21,0.0
1996-10-22,0.33070867200000004
1996-10-23,0.0
1996-10-24,0.240157488
1996-10-25,0.370078752
1996-10-26,0.500000016
1996-10-27,0.0
1996-10-28,0.0
1996-10-29,0.0
1996-10-30,0.110236224
1996-10-31,0.0
1996-11-01,0.031496064000000004
1996-11-02,0.0
1996-11-03,0.0
1996-11-04,0.0
1996-11-05,0.0
1996-11-06,0.0
1996-11-07,0.921259872
1996-11-08,0.0
1996-11-09,0.0
1996-11-10,0.0
1996-11-11,0.0
1996-11-12,0.0
1996-11-13,0.0
1996-11-14,0.0
1996-11-15,0.0
1996-11-16,0.0
1996-11-17,0.011811024
1996-11-18,2.40157488
1996-11-19,0.0
1996-11-20,0.0
1996-11-21,0.0
1996-11-22,0.0
1996-11-23,0.0
1996-11-24,0.18110236799999999
1996-11-25,0.40944883200000004
1996-11-26,0.0
1996-11-27,0.0
1996-11-28,0.0
1996-11-29,0.11811024
1996-11-30,0.7716535680000001
1996-12-01,0.0
1996-12-02,0.0
1996-12-03,0.0
1996-12-04,0.0
1996-12-05,0.0
1996-12-06,0.0
1996-12-07,0.011811024
1996-12-08,0.0
1996-12-09,0.0
1996-12-10,0.0
1996-12-11,0.0
1996-12-12,0.011811024
1996-12-13,0.0
1996-12-14,0.0
1996-12-15,0.011811024
1996-12-16,1.6614173760000002
1996-12-17,0.0
1996-12-18,0.031496064000000004
1996-12-19,0.0
1996-12-20,0.0
1996-12-21,0.0
1996-12-22,0.0
1996-12-23,0.0
1996-12-24,0.25196851200000003
1996-12-25,0.0
1996-12-26,0.858267744
1996-12-27,0.0
1996-12-28,0.031496064000000004
1996-12-29,0.440944896
1996-12-30,0.0
1996-12-31,0.031496064000000004
1997-01-01,0.0
1997-01-02,0.0
1997-01-03,0.0
1997-01-04,0.0
1997-01-05,0.11811024
1997-01-06,0.578740176
1997-01-07,0.31102363200000005
1997-01-08,0.9803149919999999
1997-01-09,0.011811024
1997-01-10,0.0
1997-01-11,0.0
1997-01-12,0.0
1997-01-13,0.051181104000000005
1997-01-14,0.0
1997-01-15,0.618110256
1997-01-16,0.0
1997-01-17,0.0
1997-01-18,0.0
1997-01-19,0.0
1997-01-20,0.0
1997-01-21,0.0
1997-01-22,0.318897648
1997-01-23,0.051181104000000005
1997-01-24,0.031496064000000004
1997-01-25,0.0
1997-01-26,0.0
1997-01-27,0.259842528
1997-01-28,1.070866176
1997-01-29,0.05905512
1997-01-30,0.0
1997-01-31,0.0
1997-02-01,0.0
1997-02-02,0.0
1997-02-03,0.0
1997-02-04,0.40944883200000004
1997-02-05,0.0
1997-02-06,0.0
1997-02-07,1.16141736
1997-02-08,0.0
1997-02-09,0.051181104000000005
1997-02-10,0.01968504
1997-02-11,0.0
1997-02-12,2.000000064
1997-02-13,0.66929136
1997-02-14,0.01968504
1997-02-15,0.0
1997-02-16,0.0
1997-02-17,0.0
1997-02-18,0.0
1997-02-19,0.0
1997-02-20,0.0984252
1997-02-21,1.019685072
1997-02-22,0.0
1997-02-23,0.0
1997-02-24,0.129921264
1997-02-25,0.7913386080000001
1997-02-26,0.110236224
1997-02-27,0.25196851200000003
1997-02-28,0.01968504
1997-03-01,0.0
1997-03-02,0.338582688
1997-03-03,0.0
1997-03-04,0.0
1997-03-05,0.228346464
1997-03-06,0.0
1997-03-07,0.0
1997-03-08,0.0
1997-03-09,0.0
1997-03-10,0.0
1997-03-11,0.0
1997-03-12,0.051181104000000005
1997-03-13,0.7519685280000001
1997-03-14,0.011811024
1997-03-15,0.0
1997-03-16,0.0
1997-03-17,0.0
1997-03-18,0.401574816
1997-03-19,0.291338592
1997-03-20,0.0
1997-03-21,0.0
1997-03-22,0.0
1997-03-23,0.0
1997-03-24,0.0
1997-03-25,0.0984252
1997-03-26,0.051181104000000005
1997-03-27,0.0
1997-03-28,0.03937008
1997-03-29,0.0
1997-03-30,0.0
1997-03-31,0.0
1997-04-01,0.0
1997-04-02,0.0
1997-04-03,0.0
1997-04-04,0.40944883200000004
1997-04-05,1.039370112
1997-04-06,0.0
1997-04-07,0.0
1997-04-08,0.0
1997-04-09,0.0
1997-04-10,0.0
1997-04-11,0.7204724640000001
1997-04-12,0.011811024
1997-04-13,0.0
1997-04-14,0.0
1997-04-15,0.0
1997-04-16,0.0
1997-04-17,0.0
1997-04-18,0.0
1997-04-19,0.0
1997-04-20,0.0
1997-04-21,0.0
1997-04-22,1.14173232
1997-04-23,0.0
1997-04-24,0.0
1997-04-25,0.500000016
1997-04-26,1.370078784
1997-04-27,2.551181184
1997-04-28,0.031496064000000004
1997-04-29,0.0
1997-04-30,0.0
1997-05-01,0.0
1997-05-02,0.240157488
1997-05-03,0.578740176
1997-05-04,0.0
1997-05-05,0.0
1997-05-06,0.0
1997-05-07,0.0
1997-05-08,0.0
1997-05-09,0.0
1997-05-10,0.0
1997-05-11,0.0
1997-05-12,0.0
1997-05-13,0.0
1997-05-14,0.0
1997-05-15,0.0
1997-05-16,0.0
1997-05-17,0.0
1997-05-18,0.299212608
1997-05-19,0.598425216
1997-05-20,0.46850395200000006
1997-05-21,1.118110272
1997-05-22,0.01968504
1997-05-23,0.799212624
1997-05-24,0.0984252
1997-05-25,0.0
1997-05-26,0.0
1997-05-27,1.681102416
1997-05-28,0.5511811200000001
1997-05-29,0.0
1997-05-30,0.200787408
1997-05-31,0.169291344
1997-06-01,0.0
1997-06-02,0.0
1997-06-03,0.0
1997-06-04,0.0
1997-06-05,0.0
1997-06-06,0.0
1997-06-07,0.0
1997-06-08,0.011811024
1997-06-09,0.381889776
1997-06-10,6.488189184
1997-06-11,0.141732288
1997-06-12,0.0
1997-06-13,0.0
1997-06-14,0.0
1997-06-15,0.0
1997-06-16,0.01968504
1997-06-17,0.220472448
1997-06-18,0.0
1997-06-19,0.0
1997-06-20,0.0
1997-06-21,0.0
1997-06-22,0.0
1997-06-23,0.05905512
1997-06-24,0.110236224
1997-06-25,0.0
1997-06-26,0.0
1997-06-27,0.031496064000000004
1997-06-28,0.62992128
1997-06-29,0.358267728
1997-06-30,0.0
1997-07-01,0.0
1997-07-02,0.0
1997-07-03,0.0
1997-07-04,0.0
1997-07-05,0.0
1997-07-06,0.0
1997-07-07,0.0
1997-07-08,0.0
1997-07-09,0.0
1997-07-10,0.0
1997-07-11,0.0
1997-07-12,0.0
1997-07-13,0.208661424
1997-07-14,0.0
1997-07-15,0.0
1997-07-16,0.0
1997-07-17,0.228346464
1997-07-18,0.559055136
1997-07-19,0.0
1997-07-20,0.0
1997-07-21,0.09055118399999999
1997-07-22,0.0
1997-07-23,0.0
1997-07-24,0.0
1997-07-25,0.0
1997-07-26,0.0
1997-07-27,0.0
1997-07-28,0.0
1997-07-29,0.05905512
1997-07-30,0.0
1997-07-31,0.0
1997-08-01,0.0
1997-08-02,0.0
1997-08-03,0.0
1997-08-04,0.0
1997-08-05,0.051181104000000005
1997-08-06,0.0
1997-08-07,0.0
1997-08-08,0.681102384
1997-08-09,0.031496064000000004
1997-08-10,0.0
1997-08-11,0.0
1997-08-12,0.0
1997-08-13,3.07086624
1997-08-14,0.169291344
1997-08-15,0.0
1997-08-16,0.0
1997-08-17,0.0
1997-08-18,0.031496064000000004
1997-08-19,0.0
1997-08-20,0.9803149919999999
1997-08-21,0.0
1997-08-22,0.011811024
1997-08-23,0.0
1997-08-24,0.0
1997-08-25,0.0
1997-08-26,0.0
1997-08-27,0.0
1997-08-28,0.0
1997-08-29,0.0
1997-08-30,0.0
1997-08-31,0.0
1997-09-01,0.0
1997-09-02,0.0
1997-09-03,0.0
1997-09-04,0.0
1997-09-05,0.0
1997-09-06,0.0
1997-09-07,0.0
1997-09-08,0.0
1997-09-09,0.62992128
1997-09-10,0.0
1997-09-11,0.0
1997-09-12,0.0
1997-09-13,0.0
1997-09-14,0.0
1997-09-15,0.0
1997-09-16,0.0
1997-09-17,0.0
1997-09-18,0.0
1997-09-19,0.0
1997-09-20,0.0
1997-09-21,0.0
1997-09-22,0.0
1997-09-23,0.0
1997-09-24,1.921259904
1997-09-25,0.141732288
1997-09-26,0.0
1997-09-27,0.0
1997-09-28,0.0
1997-09-29,0.0
1997-09-30,0.0
1997-10-01,0.0
1997-10-02,0.0
1997-10-03,0.0
1997-10-04,0.0
1997-10-05,0.0
1997-10-06,0.0
1997-10-07,0.0
1997-10-08,0.0
1997-10-09,0.0
1997-10-10,0.0
1997-10-11,0.0
1997-10-12,0.0
1997-10-13,1.8188976960000003
1997-10-14,0.0
1997-10-15,0.0
1997-10-16,0.0
1997-10-17,0.0
1997-10-18,0.0
1997-10-19,0.0
1997-10-20,0.0
1997-10-21,0.220472448
1997-10-22,0.0
1997-10-23,0.51181104
1997-10-24,0.6889764
1997-10-25,0.539370096
1997-10-26,0.460629936
1997-10-27,0.0
1997-10-28,0.0
1997-10-29,0.0
1997-10-30,0.0
1997-10-31,0.01968504
1997-11-01,0.240157488
1997-11-02,0.0
1997-11-03,0.0
1997-11-04,0.0
1997-11-05,0.188976384
1997-11-06,0.07874016
1997-11-07,0.0
1997-11-08,0.0
1997-11-09,0.0
1997-11-10,0.01968504
1997-11-11,0.0
1997-11-12,0.5905512
1997-11-13,0.03937008
1997-11-14,0.0
1997-11-15,0.09055118399999999
1997-11-16,0.0
1997-11-17,0.0
1997-11-18,0.09055118399999999
1997-11-19,0.031496064000000004
1997-11-20,0.0
1997-11-21,0.811023648
1997-11-22,0.0
1997-11-23,0.0
1997-11-24,0.0
1997-11-25,0.0
1997-11-26,0.0
1997-11-27,0.0
1997-11-28,0.46850395200000006
1997-11-29,0.881889792
1997-11-30,0.0
1997-12-01,0.0
1997-12-02,0.0
1997-12-03,0.31102363200000005
1997-12-04,0.0
1997-12-05,0.0
1997-12-06,0.0
1997-12-07,0.031496064000000004
1997-12-08,0.279527568
1997-12-09,0.11811024
1997-12-10,0.0
1997-12-11,0.0
1997-12-12,0.0
1997-12-13,0.0
1997-12-14,0.38976379200000005
1997-12-15,0.0
1997-12-16,0.0
1997-12-17,0.0
1997-12-18,0.0
1997-12-19,0.0
1997-12-20,0.0
1997-12-21,0.940944912
1997-12-22,0.0
1997-12-23,2.5590552
1997-12-24,0.618110256
1997-12-25,0.0
1997-12-26,0.31102363200000005
1997-12-27,0.0
1997-12-28,0.188976384
1997-12-29,0.01968504
1997-12-30,0.0
1997-12-31,0.0
1998-01-01,0.0
1998-01-02,0.0
1998-01-03,0.0
1998-01-04,0.5511811200000001
1998-01-05,0.299212608
1998-01-06,1.79133864
1998-01-07,0.7795275840000001
1998-01-08,0.03937008
1998-01-09,0.0
1998-01-10,0.0
1998-01-11,0.0
1998-01-12,0.811023648
1998-01-13,0.0
1998-01-14,0.0
1998-01-15,0.291338592
1998-01-16,0.0
1998-01-17,0.0
1998-01-18,0.01968504
1998-01-19,0.0
1998-01-20,0.0
1998-01-21,2.590551264
1998-01-22,1.7519685600000001
1998-01-23,0.0
1998-01-24,0.0
1998-01-25,0.0
1998-01-26,0.598425216
1998-01-27,0.0
1998-01-28,0.0
1998-01-29,0.0
1998-01-30,0.0
1998-01-31,0.0
1998-02-01,0.9094488480000001
1998-02-02,0.228346464
1998-02-03,0.05905512
1998-02-04,0.0
1998-02-05,0.0
1998-02-06,0.0
1998-02-07,0.0
1998-02-08,0.0
1998-02-09,0.0
1998-02-10,1.311023664
1998-02-11,0.0
1998-02-12,0.0
1998-02-13,0.0
1998-02-14,0.0
1998-02-15,0.448818912
1998-02-16,1.031496096
1998-02-17,0.011811024
1998-02-18,0.0
1998-02-19,0.0
1998-02-20,0.0
1998-02-21,0.0
1998-02-22,0.9881890080000001
1998-02-23,0.011811024
1998-02-24,0.0
1998-02-25,0.0
1998-02-26,0.51181104
1998-02-27,0.0
1998-02-28,0.0
1998-03-01,0.0
1998-03-02,0.0
1998-03-03,0.0
1998-03-04,0.0
1998-03-05,0.129921264
1998-03-06,0.03937008
1998-03-07,2.220472512
1998-03-08,0.0
1998-03-09,0.0
1998-03-10,0.0
1998-03-11,0.0
1998-03-12,0.0
1998-03-13,0.0
1998-03-14,0.0
1998-03-15,0.0
1998-03-16,0.968503968
1998-03-17,0.53149608
1998-03-18,0.070866144
1998-03-19,0.240157488
1998-03-20,0.0
1998-03-21,0.0
1998-03-22,0.0
1998-03-23,0.0
1998-03-24,0.0
1998-03-25,0.0
1998-03-26,0.0
1998-03-27,0.0
1998-03-28,0.0
1998-03-29,0.0
1998-03-30,0.0
1998-03-31,1.968504
1998-04-01,0.0
1998-04-02,0.070866144
1998-04-03,0.01968504
1998-04-04,0.0
1998-04-05,0.0
1998-04-06,0.0
1998-04-07,0.0
1998-04-08,0.18110236799999999
1998-04-09,0.0
1998-04-10,0.0
1998-04-11,0.0
1998-04-12,0.0
1998-04-13,0.440944896
1998-04-14,0.03937008
1998-04-15,0.0
1998-04-16,0.01968504
1998-04-17,0.350393712
1998-04-18,1.3582677600000002
1998-04-19,0.070866144
1998-04-20,0.0
1998-04-21,0.141732288
1998-04-22,0.0
1998-04-23,0.0
1998-04-24,0.0
1998-04-25,0.0
1998-04-26,0.0
1998-04-27,0.0
1998-04-28,0.8700787680000001
1998-04-29,0.0984252
1998-04-30,0.01968504
1998-05-01,0.0
1998-05-02,0.0
1998-05-03,0.03937008
1998-05-04,0.0
1998-05-05,0.0
1998-05-06,0.0
1998-05-07,0.0
1998-05-08,0.0
1998-05-09,0.0
1998-05-10,0.0
1998-05-11,0.0
1998-05-12,0.0
1998-05-13,0.0
1998-05-14,0.0
1998-05-15,0.0
1998-05-16,0.0
1998-05-17,0.0
1998-05-18,0.0
1998-05-19,0.0
1998-05-20,0.0
1998-05-21,0.0
1998-05-22,0.0
1998-05-23,0.0
1998-05-24,0.0
1998-05-25,0.0
1998-05-26,0.0
1998-05-27,0.0
1998-05-28,0.0
1998-05-29,1.429133904
1998-05-30,0.0
1998-05-31,0.0
1998-06-01,0.0
1998-06-02,0.0
1998-06-03,0.0
1998-06-04,0.05905512
1998-06-05,1.511811072
1998-06-06,0.03937008
1998-06-07,0.0
1998-06-08,0.0
1998-06-09,0.0
1998-06-10,0.0
1998-06-11,0.0
1998-06-12,0.0
1998-06-13,0.0
1998-06-14,0.0
1998-06-15,1.598425248
1998-06-16,0.0
1998-06-17,0.0
1998-06-18,0.0
1998-06-19,0.0
1998-06-20,0.0
1998-06-21,0.0
1998-06-22,0.0
1998-06-23,0.0
1998-06-24,0.0
1998-06-25,0.0
1998-06-26,0.051181104000000005
1998-06-27,0.0
1998-06-28,0.0
1998-06-29,0.0
1998-06-30,0.0
1998-07-01,0.9094488480000001
1998-07-02,0.011811024
1998-07-03,0.228346464
1998-07-04,0.0
1998-07-05,0.070866144
1998-07-06,0.051181104000000005
1998-07-07,0.0
1998-07-08,0.0
1998-07-09,1.16141736
1998-07-10,0.8188976640000001
1998-07-11,0.161417328
1998-07-12,0.57086616
1998-07-13,0.161417328
1998-07-14,0.05905512
1998-07-15,0.0
1998-07-16,0.0
1998-07-17,0.0
1998-07-18,0.0
1998-07-19,0.0
1998-07-20,0.141732288
1998-07-21,0.0
1998-07-22,0.051181104000000005
1998-07-23,0.0
1998-07-24,0.598425216
1998-07-25,1.4409449280000002
1998-07-26,0.011811024
1998-07-27,0.0
1998-07-28,0.0
1998-07-29,0.0
1998-07-30,0.0
1998-07-31,0.0
1998-08-01,0.0
1998-08-02,0.11811024
1998-08-03,0.0
1998-08-04,0.0
1998-08-05,0.0
1998-08-06,0.25196851200000003
1998-08-07,0.338582688
1998-08-08,0.07874016
1998-08-09,0.0
1998-08-10,0.0
1998-08-11,0.0
1998-08-12,0.07874016
1998-08-13,0.358267728
1998-08-14,0.01968504
1998-08-15,0.7204724640000001
1998-08-16,0.011811024
1998-08-17,0.0
1998-08-18,0.0
1998-08-19,0.0
1998-08-20,0.0
1998-08-21,0.0
1998-08-22,0.0
1998-08-23,0.0
1998-08-24,0.0
1998-08-25,0.0
1998-08-26,0.0
1998-08-27,0.0
1998-08-28,0.0
1998-08-29,0.0
1998-08-30,0.051181104000000005
1998-08-31,0.0
1998-09-01,0.011811024
1998-09-02,0.0
1998-09-03,0.0
1998-09-04,0.0
1998-09-05,0.0
1998-09-06,0.0
1998-09-07,0.0
1998-09-08,0.0
1998-09-09,0.0
1998-09-10,0.0
1998-09-11,0.38976379200000005
1998-09-12,1.9015748639999999
1998-09-13,0.03937008
1998-09-14,0.0
1998-09-15,0.0
1998-09-16,0.0
1998-09-17,0.0
1998-09-18,0.0
1998-09-19,0.011811024
1998-09-20,0.0
1998-09-21,0.0
1998-09-22,0.0
1998-09-23,0.0
1998-09-24,0.0
1998-09-25,0.0
1998-09-26,0.0
1998-09-27,0.05905512
1998-09-28,0.0
1998-09-29,0.0
1998-09-30,0.0
1998-10-01,0.0
1998-10-02,0.0
1998-10-03,0.0
1998-10-04,0.0
1998-10-05,0.0
1998-10-06,0.259842528
1998-10-07,0.031496064000000004
1998-10-08,0.0
1998-10-09,0.0
1998-10-10,0.0
1998-10-11,0.0
1998-10-12,0.0
1998-10-13,0.0
1998-10-14,0.0
1998-10-15,0.0
1998-10-16,0.0
1998-10-17,0.0
1998-10-18,0.0
1998-10-19,0.141732288
1998-10-20,0.07874016
1998-10-21,0.0
1998-10-22,0.0
1998-10-23,0.0
1998-10-24,0.0
1998-10-25,0.0
1998-10-26,0.0
1998-10-27,0.0
1998-10-28,0.0
1998-10-29,0.0
1998-10-30,0.0
1998-10-31,0.0
1998-11-01,0.0
1998-11-02,0.6889764
1998-11-03,0.0
1998-11-04,0.0
1998-11-05,0.0
1998-11-06,0.0
1998-11-07,0.01968504
1998-11-08,1.2992126400000001
1998-11-09,0.0
1998-11-10,0.7598425440000001
1998-11-11,0.0
1998-11-12,0.358267728
1998-11-13,0.208661424
1998-11-14,0.799212624
1998-11-15,0.0
1998-11-16,0.0
1998-11-17,0.0
1998-11-18,0.0
1998-11-19,0.0
1998-11-20,0.18110236799999999
1998-11-21,0.0
1998-11-22,0.0
1998-11-23,0.0
1998-11-24,0.0
1998-11-25,0.0
1998-11-26,0.0
1998-11-27,0.0
1998-11-28,0.0
1998-11-29,0.0
1998-11-30,0.0
1998-12-01,0.0
1998-12-02,0.0
1998-12-03,0.0
1998-12-04,0.011811024
1998-12-05,0.0
1998-12-06,0.0
1998-12-07,0.299212608
1998-12-08,0.141732288
1998-12-09,0.0
1998-12-10,0.641732304
1998-12-11,1.9291339200000002
1998-12-12,0.440944896
1998-12-13,0.0
1998-12-14,0.0
1998-12-15,0.0
1998-12-16,0.0
1998-12-17,0.0
1998-12-18,0.0
1998-12-19,0.500000016
1998-12-20,0.0
1998-12-21,0.0
1998-12-22,0.421259856
1998-12-23,0.811023648
1998-12-24,0.200787408
1998-12-25,0.0
1998-12-26,0.0
1998-12-27,0.0
1998-12-28,0.8503937280000001
1998-12-29,0.0
1998-12-30,0.0
1998-12-31,0.0
1999-01-01,0.03937008
1999-01-02,1.2283464960000001
1999-01-03,0.0
1999-01-04,0.0
1999-01-05,0.0
1999-01-06,0.220472448
1999-01-07,0.46850395200000006
1999-01-08,0.149606304
1999-01-09,0.291338592
1999-01-10,0.0
1999-01-11,0.0
1999-01-12,0.0
1999-01-13,0.01968504
1999-01-14,0.129921264
1999-01-15,0.0
1999-01-16,0.0
1999-01-17,0.0
1999-01-18,0.259842528
1999-01-19,0.0
1999-01-20,0.0
1999-01-21,0.0
1999-01-22,1.149606336
1999-01-23,0.0
1999-01-24,0.0
1999-01-25,0.0
1999-01-26,0.0
1999-01-27,0.0
1999-01-28,0.011811024
1999-01-29,2.2283465280000003
1999-01-30,2.271653616
1999-01-31,0.0
1999-02-01,0.0
1999-02-02,0.0
1999-02-03,0.110236224
1999-02-04,0.0
1999-02-05,0.0
1999-02-06,0.0
1999-02-07,0.01968504
1999-02-08,0.0
1999-02-09,0.141732288
1999-02-10,0.0
1999-02-11,0.09055118399999999
1999-02-12,0.09055118399999999
1999-02-13,0.0
1999-02-14,0.0
1999-02-15,0.0
1999-02-16,0.0
1999-02-17,0.31102363200000005
1999-02-18,0.0
1999-02-19,0.0
1999-02-20,0.11811024
1999-02-21,0.0
1999-02-22,0.0
1999-02-23,0.031496064000000004
1999-02-24,0.0
1999-02-25,0.0
1999-02-26,0.0
1999-02-27,1.129921296
1999-02-28,0.0
1999-03-01,0.0
1999-03-02,0.5905512
1999-03-03,0.011811024
1999-03-04,0.0
1999-03-05,0.0
1999-03-06,0.01968504
1999-03-07,0.0
1999-03-08,1.031496096
1999-03-09,0.0
1999-03-10,0.0
1999-03-11,0.0
1999-03-12,0.31102363200000005
1999-03-13,1.129921296
1999-03-14,0.0
1999-03-15,0.0
1999-03-16,0.0
1999-03-17,0.0
1999-03-18,0.0
1999-03-19,0.0
1999-03-20,0.01968504
1999-03-21,0.0
1999-03-22,0.0
1999-03-23,0.0
1999-03-24,0.350393712
1999-03-25,0.598425216
1999-03-26,0.0
1999-03-27,0.0
1999-03-28,0.0
1999-03-29,0.0
1999-03-30,0.559055136
1999-03-31,0.031496064000000004
1999-04-01,0.0
1999-04-02,0.0
1999-04-03,0.0
1999-04-04,0.921259872
1999-04-05,0.0
1999-04-06,0.0
1999-04-07,0.0
1999-04-08,0.0
1999-04-09,0.0
1999-04-10,0.0
1999-04-11,0.0
1999-04-12,0.0
1999-04-13,0.0
1999-04-14,0.700787424
1999-04-15,0.0
1999-04-16,0.0
1999-04-17,0.0
1999-04-18,0.0
1999-04-19,0.0
1999-04-20,0.0
1999-04-21,0.0
1999-04-22,0.0
1999-04-23,0.0
1999-04-24,0.0
1999-04-25,0.0
1999-04-26,0.401574816
1999-04-27,0.0
1999-04-28,0.0
1999-04-29,0.070866144
1999-04-30,0.0
1999-05-01,0.0
1999-05-02,0.0
1999-05-03,0.0
1999-05-04,0.141732288
1999-05-05,0.208661424
1999-05-06,0.011811024
1999-05-07,0.0
1999-05-08,0.0
1999-05-09,0.0
1999-05-10,0.0
1999-05-11,0.838582704
1999-05-12,0.031496064000000004
1999-05-13,0.0
1999-05-14,0.0
1999-05-15,0.0
1999-05-16,0.0
1999-05-17,0.0
1999-05-18,0.220472448
1999-05-19,0.0
1999-05-20,0.0
1999-05-21,0.0
1999-05-22,0.279527568
1999-05-23,0.129921264
1999-05-24,0.0
1999-05-25,0.0
1999-05-26,0.500000016
1999-05-27,0.0
1999-05-28,0.0
1999-05-29,0.0
1999-05-30,0.291338592
1999-05-31,0.011811024
1999-06-01,0.0
1999-06-02,0.0
1999-06-03,0.0
1999-06-04,0.0
1999-06-05,0.0
1999-06-06,0.0
1999-06-07,0.0
1999-06-08,0.0
1999-06-09,0.0
1999-06-10,0.011811024
1999-06-11,0.01968504
1999-06-12,0.011811024
1999-06-13,0.01968504
1999-06-14,0.7716535680000001
1999-06-15,0.0
1999-06-16,0.051181104000000005
1999-06-17,0.0
1999-06-18,0.0
1999-06-19,0.0
1999-06-20,0.0
1999-06-21,0.0
1999-06-22,0.279527568
1999-06-23,0.0
1999-06-24,0.0
1999-06-25,1.940944944
1999-06-26,0.519685056
1999-06-27,0.0
1999-06-28,0.0
1999-06-29,0.7204724640000001
1999-06-30,0.0
1999-07-01,0.0
1999-07-02,0.0
1999-07-03,0.110236224
1999-07-04,0.0
1999-07-05,0.0
1999-07-06,0.0
1999-07-07,0.448818912
1999-07-08,0.0984252
1999-07-09,0.149606304
1999-07-10,0.0
1999-07-11,0.6889764
1999-07-12,0.011811024
1999-07-13,0.0
1999-07-14,0.070866144
1999-07-15,0.011811024
1999-07-16,0.051181104000000005
1999-07-17,0.0
1999-07-18,1.078740192
1999-07-19,0.01968504
1999-07-20,0.11811024
1999-07-21,0.0
1999-07-22,0.0
1999-07-23,0.0
1999-07-24,0.0
1999-07-25,0.01968504
1999-07-26,0.220472448
1999-07-27,1.311023664
1999-07-28,0.0
1999-07-29,0.0
1999-07-30,0.0
1999-07-31,0.0
1999-08-01,0.0
1999-08-02,0.0
1999-08-03,0.0
1999-08-04,0.0
1999-08-05,0.0
1999-08-06,0.0
1999-08-07,0.0
1999-08-08,0.0
1999-08-09,1.14173232
1999-08-10,0.051181104000000005
1999-08-11,0.0
1999-08-12,0.0
1999-08-13,0.0
1999-08-14,0.0
1999-08-15,0.0
1999-08-16,0.0
1999-08-17,0.0
1999-08-18,0.0
1999-08-19,0.0
1999-08-20,0.0
1999-08-21,0.0
1999-08-22,0.0
1999-08-23,0.0984252
1999-08-24,0.031496064000000004
1999-08-25,0.0
1999-08-26,0.0
1999-08-27,0.01968504
1999-08-28,0.0
1999-08-29,0.0
1999-08-30,0.0
1999-08-31,0.370078752
1999-09-01,0.0
1999-09-02,0.0
1999-09-03,0.0
1999-09-04,0.129921264
1999-09-05,0.169291344
1999-09-06,0.200787408
1999-09-07,0.0
1999-09-08,0.429133872
1999-09-09,0.0
1999-09-10,0.0
1999-09-11,0.0
1999-09-12,0.0
1999-09-13,0.0
1999-09-14,0.0
1999-09-15,0.0
1999-09-16,0.0
1999-09-17,0.0
1999-09-18,0.0
1999-09-19,0.0
1999-09-20,0.0
1999-09-21,0.01968504
1999-09-22,0.0
1999-09-23,0.0
1999-09-24,0.0
1999-09-25,0.0
1999-09-26,0.0
1999-09-27,0.0
1999-09-28,1.22047248
1999-09-29,0.31102363200000005
1999-09-30,0.0
1999-10-01,0.0
1999-10-02,0.0
1999-10-03,0.0
1999-10-04,0.0
1999-10-05,0.0
1999-10-06,0.0
1999-10-07,0.031496064000000004
1999-10-08,1.401574848
1999-10-09,0.259842528
1999-10-10,0.0
1999-10-11,0.0
1999-10-12,0.0
1999-10-13,0.0
1999-10-14,0.0
1999-10-15,0.0
1999-10-16,0.0
1999-10-17,0.0
1999-10-18,0.0
1999-10-19,0.01968504
1999-10-20,0.0
1999-10-21,0.0
1999-10-22,0.0
1999-10-23,0.0
1999-10-24,0.0
1999-10-25,0.0
1999-10-26,0.0
1999-10-27,0.0
1999-10-28,0.0
1999-10-29,0.0
1999-10-30,0.480314976
1999-10-31,3.5511812160000003
1999-11-01,0.129921264
1999-11-02,0.011811024
1999-11-03,0.0
1999-11-04,0.0
1999-11-05,0.0
1999-11-06,0.0
1999-11-07,0.0
1999-11-08,0.0
1999-11-09,0.0
1999-11-10,0.0
1999-11-11,0.0
1999-11-12,0.0
1999-11-13,0.0
1999-11-14,0.0
1999-11-15,0.0
1999-11-16,0.0
1999-11-17,0.0
1999-11-18,0.0
1999-11-19,0.0
1999-11-20,0.188976384
1999-11-21,0.0
1999-11-22,0.0
1999-11-23,0.57086616
1999-11-24,0.011811024
1999-11-25,0.968503968
1999-11-26,0.0
1999-11-27,0.0
1999-11-28,0.0
1999-11-29,0.0
1999-11-30,0.0
1999-12-01,0.0
1999-12-02,0.0
1999-12-03,0.03937008
1999-12-04,0.01968504
1999-12-05,0.38976379200000005
1999-12-06,0.0
1999-12-07,0.0
1999-12-08,0.0
1999-12-09,0.01968504
1999-12-10,0.0
1999-12-11,0.0
1999-12-12,1.3582677600000002
1999-12-13,0.011811024
1999-12-14,0.0
1999-12-15,0.0
1999-12-16,0.0
1999-12-17,0.0
1999-12-18,0.25196851200000003
1999-12-19,0.0
1999-12-20,0.169291344
1999-12-21,0.500000016
1999-12-22,0.0
1999-12-23,0.0
1999-12-24,0.0
1999-12-25,0.0
1999-12-26,0.0
1999-12-27,0.0
1999-12-28,0.0
1999-12-29,0.0
1999-12-30,0.0
1999-12-31,0.0
2000-01-01,0.0
2000-01-02,0.0
2000-01-03,0.460629936
2000-01-04,0.011811024
2000-01-05,0.0
2000-01-06,0.0
2000-01-07,0.0
2000-01-08,0.051181104000000005
2000-01-09,0.429133872
2000-01-10,0.0
2000-01-11,0.0
2000-01-12,0.0
2000-01-13,0.0984252
2000-01-14,0.0
2000-01-15,0.0
2000-01-16,0.0
2000-01-17,0.0
2000-01-18,0.0
2000-01-19,0.0
2000-01-20,0.0
2000-01-21,0.0
2000-01-22,0.169291344
2000-01-23,0.051181104000000005
2000-01-24,0.0
2000-01-25,0.0
2000-01-26,0.0
2000-01-27,0.350393712
2000-01-28,0.259842528
2000-01-29,0.0
2000-01-30,0.0
2000-01-31,0.0
2000-02-01,0.0
2000-02-02,0.0
2000-02-03,0.0
2000-02-04,0.0
2000-02-05,0.0
2000-02-06,0.0
2000-02-07,0.0
2000-02-08,0.0
2000-02-09,0.0
2000-02-10,0.0
2000-02-11,0.0
2000-02-12,0.0
2000-02-13,0.33070867200000004
2000-02-14,0.0
2000-02-15,0.0
2000-02-16,0.0
2000-02-17,0.0
2000-02-18,0.350393712
2000-02-19,0.0
2000-02-20,0.0
2000-02-21,0.0
2000-02-22,0.0
2000-02-23,0.0
2000-02-24,0.0
2000-02-25,0.0
2000-02-26,0.61023624
2000-02-27,0.0
2000-02-28,0.0
2000-02-29,0.0
2000-03-01,0.0
2000-03-02,0.0
2000-03-03,0.0
2000-03-04,0.0
2000-03-05,0.0
2000-03-06,0.0
2000-03-07,0.0
2000-03-08,0.0
2000-03-09,0.0
2000-03-10,1.3582677600000002
2000-03-11,0.6496063200000001
2000-03-12,0.0
2000-03-13,0.0
2000-03-14,0.0
2000-03-15,0.110236224
2000-03-16,0.110236224
2000-03-17,0.0
2000-03-18,0.110236224
2000-03-19,0.598425216
2000-03-20,0.0
2000-03-21,0.01968504
2000-03-22,0.480314976
2000-03-23,0.0
2000-03-24,0.0
2000-03-25,0.149606304
2000-03-26,0.220472448
2000-03-27,0.33070867200000004
2000-03-28,0.0
2000-03-29,0.259842528
2000-03-30,0.011811024
2000-03-31,0.0
2000-04-01,0.9291338880000001
2000-04-02,2.759842608
2000-04-03,2.4291339360000004
2000-04-04,0.011811024
2000-04-05,0.0
2000-04-06,0.0
2000-04-07,0.0984252
2000-04-08,0.149606304
2000-04-09,0.0
2000-04-10,0.0
2000-04-11,0.0
2000-04-12,0.9803149919999999
2000-04-13,0.051181104000000005
2000-04-14,0.051181104000000005
2000-04-15,0.0
2000-04-16,0.0
2000-04-17,0.0
2000-04-18,0.0
2000-04-19,0.0
2000-04-20,0.0
2000-04-21,0.0
2000-04-22,0.0
2000-04-23,0.338582688
2000-04-24,0.01968504
2000-04-25,0.0
2000-04-26,0.0
2000-04-27,0.0
2000-04-28,0.0
2000-04-29,0.0
2000-04-30,0.0
2000-05-01,0.0
2000-05-02,0.0
2000-05-03,0.598425216
2000-05-04,0.0
2000-05-05,0.161417328
2000-05-06,0.0
2000-05-07,0.0
2000-05-08,0.0
2000-05-09,0.0
2000-05-10,0.110236224
2000-05-11,0.0
2000-05-12,0.0
2000-05-13,0.0984252
2000-05-14,0.0
2000-05-15,0.0
2000-05-16,0.0
2000-05-17,0.0
2000-05-18,0.0
2000-05-19,0.0
2000-05-20,1.5000000480000002
2000-05-21,0.0
2000-05-22,0.0
2000-05-23,0.0
2000-05-24,0.0
2000-05-25,0.0
2000-05-26,0.0
2000-05-27,0.0
2000-05-28,0.200787408
2000-05-29,0.0
2000-05-30,0.0
2000-05-31,0.0
2000-06-01,0.0
2000-06-02,0.0
2000-06-03,0.0
2000-06-04,0.429133872
2000-06-05,0.9881890080000001
2000-06-06,0.0
2000-06-07,0.0
2000-06-08,0.0
2000-06-09,0.0
2000-06-10,0.0
2000-06-11,0.0
2000-06-12,0.0
2000-06-13,0.240157488
2000-06-14,0.0
2000-06-15,0.0
2000-06-16,1.2795276
2000-06-17,2.090551248
2000-06-18,0.200787408
2000-06-19,0.01968504
2000-06-20,0.0
2000-06-21,0.0
2000-06-22,0.031496064000000004
2000-06-23,0.03937008
2000-06-24,0.0
2000-06-25,0.07874016
2000-06-26,0.0
2000-06-27,0.25196851200000003
2000-06-28,0.161417328
2000-06-29,0.011811024
2000-06-30,0.0
2000-07-01,0.0
2000-07-02,0.0
2000-07-03,0.0
2000-07-04,0.0
2000-07-05,0.0
2000-07-06,0.0
2000-07-07,0.0
2000-07-08,0.0
2000-07-09,0.641732304
2000-07-10,0.0
2000-07-11,0.0
2000-07-12,0.0
2000-07-13,0.0
2000-07-14,0.0
2000-07-15,0.0
2000-07-16,0.0
2000-07-17,0.0
2000-07-18,0.0
2000-07-19,0.0
2000-07-20,0.0
2000-07-21,0.0
2000-07-22,0.03937008
2000-07-23,0.011811024
2000-07-24,0.0
2000-07-25,0.0
2000-07-26,0.0
2000-07-27,0.0
2000-07-28,0.0
2000-07-29,0.0
2000-07-30,0.0
2000-07-31,0.110236224
2000-08-01,0.421259856
2000-08-02,0.07874016
2000-08-03,0.011811024
2000-08-04,0.0
2000-08-05,0.0
2000-08-06,0.0
2000-08-07,0.0
2000-08-08,0.0
2000-08-09,0.0
2000-08-10,0.031496064000000004
2000-08-11,0.149606304
2000-08-12,0.0
2000-08-13,0.0
2000-08-14,0.0
2000-08-15,0.0
2000-08-16,0.0
2000-08-17,0.0
2000-08-18,0.0
2000-08-19,0.0
2000-08-20,0.07874016
2000-08-21,0.0
2000-08-22,0.0
2000-08-23,0.0
2000-08-24,0.0
2000-08-25,0.0
2000-08-26,0.0
2000-08-27,0.0
2000-08-28,0.0
2000-08-29,0.0
2000-08-30,0.0
2000-08-31,0.279527568
2000-09-01,0.03937008
2000-09-02,0.0
2000-09-03,0.0
2000-09-04,0.0
2000-09-05,0.0
2000-09-06,0.0
2000-09-07,0.0
2000-09-08,0.011811024
2000-09-09,0.57086616
2000-09-10,0.05905512
2000-09-11,0.0
2000-09-12,0.598425216
2000-09-13,0.0
2000-09-14,0.0
2000-09-15,0.0
2000-09-16,0.0
2000-09-17,0.0
2000-09-18,0.0
2000-09-19,0.0
2000-09-20,0.011811024
2000-09-21,0.18110236799999999
2000-09-22,0.208661424
2000-09-23,0.0
2000-09-24,0.110236224
2000-09-25,0.271653552
2000-09-26,0.011811024
2000-09-27,0.0
2000-09-28,0.0
2000-09-29,0.0
2000-09-30,0.0
2000-10-01,0.0
2000-10-02,0.0
2000-10-03,0.0
2000-10-04,0.0
2000-10-05,0.0
2000-10-06,0.9488189280000001
2000-10-07,0.0
2000-10-08,0.0
2000-10-09,0.0
2000-10-10,0.0
2000-10-11,0.0
2000-10-12,0.0
2000-10-13,0.0
2000-10-14,0.0
2000-10-15,0.0
2000-10-16,0.0
2000-10-17,0.0
2000-10-18,0.0
2000-10-19,0.0
2000-10-20,0.0
2000-10-21,0.0
2000-10-22,0.0
2000-10-23,0.0
2000-10-24,0.0
2000-10-25,0.0
2000-10-26,0.0
2000-10-27,0.0
2000-10-28,0.0
2000-10-29,0.0
2000-10-30,0.0
2000-10-31,0.0
2000-11-01,0.0
2000-11-02,0.5511811200000001
2000-11-03,0.0
2000-11-04,0.110236224
2000-11-05,0.01968504
2000-11-06,0.31102363200000005
2000-11-07,0.11811024
2000-11-08,4.220472576000001
2000-11-09,0.480314976
2000-11-10,0.0
2000-11-11,0.0
2000-11-12,0.0
2000-11-13,0.05905512
2000-11-14,0.0
2000-11-15,0.0
2000-11-16,0.421259856
2000-11-17,0.0
2000-11-18,0.559055136
2000-11-19,0.188976384
2000-11-20,0.0
2000-11-21,0.0
2000-11-22,0.0
2000-11-23,0.01968504
2000-11-24,0.681102384
2000-11-25,0.0
2000-11-26,0.0
2000-11-27,0.0
2000-11-28,0.0
2000-11-29,0.11811024
2000-11-30,0.0
2000-12-01,0.07874016
2000-12-02,0.0
2000-12-03,0.0
2000-12-04,0.0
2000-12-05,0.0
2000-12-06,0.0
2000-12-07,0.0
2000-12-08,0.0
2000-12-09,0.0
2000-12-10,0.0
2000-12-11,0.11811024
2000-12-12,0.0
2000-12-13,0.6496063200000001
2000-12-14,0.0
2000-12-15,0.0
2000-12-16,0.129921264
2000-12-17,0.0
2000-12-18,0.03937008
2000-12-19,0.0
2000-12-20,0.011811024
2000-12-21,0.05905512
2000-12-22,0.0
2000-12-23,0.0
2000-12-24,0.0
2000-12-25,0.0
2000-12-26,0.031496064000000004
2000-12-27,0.9881890080000001
2000-12-28,0.8897638080000001
2000-12-29,0.0
2000-12-30,0.0
2000-12-31,0.01968504
2001-01-01,0.0
2001-01-02,0.0
2001-01-03,0.0
2001-01-04,0.0
2001-01-05,0.0
2001-01-06,0.0
2001-01-07,0.259842528
2001-01-08,0.0
2001-01-09,0.0
2001-01-10,0.031496064000000004
2001-01-11,0.48818899200000004
2001-01-12,0.0
2001-01-13,0.0
2001-01-14,0.11811024
2001-01-15,0.0
2001-01-16,0.38976379200000005
2001-01-17,0.129921264
2001-01-18,0.448818912
2001-01-19,1.598425248
2001-01-20,0.0
2001-01-21,0.0
2001-01-22,0.0
2001-01-23,0.0
2001-01-24,0.0
2001-01-25,0.0
2001-01-26,0.0
2001-01-27,0.0
2001-01-28,0.0
2001-01-29,0.968503968
2001-01-30,0.0
2001-01-31,0.0
2001-02-01,0.0
2001-02-02,0.0
2001-02-03,0.0
2001-02-04,0.0
2001-02-05,0.0
2001-02-06,0.0
2001-02-07,0.011811024
2001-02-08,0.0
2001-02-09,0.358267728
2001-02-10,0.0
2001-02-11,0.169291344
2001-02-12,0.161417328
2001-02-13,0.051181104000000005
2001-02-14,0.0
2001-02-15,0.0
2001-02-16,1.1811024
2001-02-17,0.0
2001-02-18,0.0
2001-02-19,0.0
2001-02-20,0.0
2001-02-21,0.0
2001-02-22,0.0
2001-02-23,0.0
2001-02-24,0.09055118399999999
2001-02-25,0.0984252
2001-02-26,0.0
2001-02-27,1.011811056
2001-02-28,0.40944883200000004
2001-03-01,1.5000000480000002
2001-03-02,1.688976432
2001-03-03,0.598425216
2001-03-04,0.011811024
2001-03-05,0.0
2001-03-06,0.0
2001-03-07,0.0
2001-03-08,0.0
2001-03-09,0.259842528
2001-03-10,0.0
2001-03-11,0.0
2001-03-12,0.62992128
2001-03-13,0.0
2001-03-14,1.5590551680000002
2001-03-15,0.011811024
2001-03-16,0.0
2001-03-17,0.0
2001-03-18,0.0
2001-03-19,0.0
2001-03-20,0.03937008
2001-03-21,0.0
2001-03-22,0.0
2001-03-23,0.0
2001-03-24,0.598425216
2001-03-25,0.0
2001-03-26,0.0
2001-03-27,0.0
2001-03-28,0.070866144
2001-03-29,0.358267728
2001-03-30,0.0
2001-03-31,0.01968504
2001-04-01,0.0
2001-04-02,0.0
2001-04-03,0.11811024
2001-04-04,0.0
2001-04-05,0.0
2001-04-06,0.0
2001-04-07,0.0
2001-04-08,0.0
2001-04-09,0.0
2001-04-10,0.0
2001-04-11,0.0
2001-04-12,0.0
2001-04-13,0.161417328
2001-04-14,0.0984252
2001-04-15,0.57086616
2001-04-16,0.0
2001-04-17,0.0
2001-04-18,0.0
2001-04-19,0.0
2001-04-20,0.0
2001-04-21,0.0
2001-04-22,0.0
2001-04-23,0.448818912
2001-04-24,0.338582688
2001-04-25,0.0
2001-04-26,0.0
2001-04-27,0.0
2001-04-28,0.0
2001-04-29,0.0
2001-04-30,0.0
2001-05-01,0.0
2001-05-02,0.0
2001-05-03,0.0
2001-05-04,0.0
2001-05-05,0.0
2001-05-06,0.011811024
2001-05-07,0.0
2001-05-08,0.0
2001-05-09,0.0
2001-05-10,0.0
2001-05-11,0.0
2001-05-12,0.18110236799999999
2001-05-13,0.11811024
2001-05-14,0.0
2001-05-15,0.0
2001-05-16,0.0
2001-05-17,0.0
2001-05-18,0.0
2001-05-19,0.07874016
2001-05-20,0.03937008
2001-05-21,1.1811024
2001-05-22,0.070866144
2001-05-23,0.0
2001-05-24,0.0
2001-05-25,0.0
2001-05-26,0.0
2001-05-27,0.0
2001-05-28,0.03937008
2001-05-29,0.0
2001-05-30,0.011811024
2001-05-31,0.338582688
2001-06-01,0.0
2001-06-02,0.0
2001-06-03,0.0
2001-06-04,0.539370096
2001-06-05,0.0
2001-06-06,0.381889776
2001-06-07,0.141732288
2001-06-08,1.3307087039999999
2001-06-09,0.110236224
2001-06-10,0.011811024
2001-06-11,0.0
2001-06-12,0.0
2001-06-13,0.0984252
2001-06-14,0.011811024
2001-06-15,0.149606304
2001-06-16,0.0
2001-06-17,0.0
2001-06-18,0.0
2001-06-19,0.011811024
2001-06-20,0.0
2001-06-21,0.051181104000000005
2001-06-22,0.031496064000000004
2001-06-23,0.0
2001-06-24,0.0
2001-06-25,0.0
2001-06-26,0.0
2001-06-27,1.409448864
2001-06-28,0.070866144
2001-06-29,0.0
2001-06-30,0.110236224
2001-07-01,0.011811024
2001-07-02,0.0
2001-07-03,0.0
2001-07-04,0.0
2001-07-05,0.0
2001-07-06,0.0
2001-07-07,0.0
2001-07-08,0.0
2001-07-09,0.0
2001-07-10,0.0
2001-07-11,0.200787408
2001-07-12,0.9488189280000001
2001-07-13,0.0984252
2001-07-14,0.0
2001-07-15,0.0
2001-07-16,0.0
2001-07-17,0.0
2001-07-18,0.0
2001-07-19,0.0
2001-07-20,0.0
2001-07-21,0.5511811200000001
2001-07-22,0.0
2001-07-23,0.0
2001-07-24,0.0
2001-07-25,0.0
2001-07-26,0.838582704
2001-07-27,0.0
2001-07-28,0.0
2001-07-29,0.62992128
2001-07-30,0.0
2001-07-31,0.031496064000000004
2001-08-01,0.18110236799999999
2001-08-02,0.0
2001-08-03,0.0
2001-08-04,0.0
2001-08-05,0.149606304
2001-08-06,0.228346464
2001-08-07,0.03937008
2001-08-08,0.0
2001-08-09,0.0
2001-08-10,0.358267728
2001-08-11,0.129921264
2001-08-12,0.07874016
2001-08-13,0.220472448
2001-08-14,0.0
2001-08-15,0.0
2001-08-16,0.0
2001-08-17,0.161417328
2001-08-18,0.0
2001-08-19,0.031496064000000004
2001-08-20,0.0
2001-08-21,0.0
2001-08-22,0.0
2001-08-23,0.0
2001-08-24,0.0
2001-08-25,0.0
2001-08-26,0.0
2001-08-27,0.141732288
2001-08-28,0.011811024
2001-08-29,0.259842528
2001-08-30,0.279527568
2001-08-31,0.0
2001-09-01,1.051181136
2001-09-02,1.33858272
2001-09-03,0.881889792
2001-09-04,0.01968504
2001-09-05,0.0
2001-09-06,0.0
2001-09-07,0.0
2001-09-08,0.240157488
2001-09-09,1.000000032
2001-09-10,0.0
2001-09-11,0.0
2001-09-12,0.0
2001-09-13,0.0
2001-09-14,0.0
2001-09-15,0.0
2001-09-16,0.0
2001-09-17,0.401574816
2001-09-18,0.0
2001-09-19,0.0984252
2001-09-20,0.0
2001-09-21,0.0
2001-09-22,0.0
2001-09-23,0.0
2001-09-24,0.0
2001-09-25,0.0
2001-09-26,0.0
2001-09-27,0.0
2001-09-28,0.0
2001-09-29,0.0
2001-09-30,0.0
2001-10-01,0.0
2001-10-02,0.0
2001-10-03,0.0
2001-10-04,0.0
2001-10-05,0.09055118399999999
2001-10-06,0.0
2001-10-07,0.0
2001-10-08,0.0
2001-10-09,0.0
2001-10-10,0.0
2001-10-11,0.539370096
2001-10-12,0.03937008
2001-10-13,0.6614173440000001
2001-10-14,0.480314976
2001-10-15,0.0
2001-10-16,0.0
2001-10-17,0.0
2001-10-18,0.0
2001-10-19,0.0
2001-10-20,0.0
2001-10-21,0.0
2001-10-22,0.0
2001-10-23,0.0
2001-10-24,0.129921264
2001-10-25,0.0
2001-10-26,0.0
2001-10-27,0.0
2001-10-28,0.0
2001-10-29,0.0
2001-10-30,0.0
2001-10-31,0.0
2001-11-01,0.0
2001-11-02,0.0
2001-11-03,0.0
2001-11-04,0.0
2001-11-05,0.0
2001-11-06,0.0
2001-11-07,0.0
2001-11-08,0.0
2001-11-09,0.0
2001-11-10,0.0
2001-11-11,0.0
2001-11-12,0.0
2001-11-13,0.0
2001-11-14,0.0
2001-11-15,0.0
2001-11-16,0.0
2001-11-17,0.0
2001-11-18,0.0
2001-11-19,0.03937008
2001-11-20,0.070866144
2001-11-21,0.0
2001-11-22,0.0
2001-11-23,0.0
2001-11-24,0.578740176
2001-11-25,0.0
2001-11-26,0.0
2001-11-27,1.9015748639999999
2001-11-28,0.618110256
2001-11-29,2.5590552
2001-11-30,0.0
2001-12-01,0.0
2001-12-02,0.0
2001-12-03,0.0
2001-12-04,0.0
2001-12-05,0.0
2001-12-06,0.0
2001-12-07,0.0
2001-12-08,0.0
2001-12-09,0.0
2001-12-10,0.01968504
2001-12-11,0.0
2001-12-12,0.07874016
2001-12-13,2.44094496
2001-12-14,0.0
2001-12-15,0.0
2001-12-16,0.0
2001-12-17,0.681102384
2001-12-18,0.0
2001-12-19,0.0
2001-12-20,0.0
2001-12-21,0.0
2001-12-22,0.161417328
2001-12-23,0.681102384
2001-12-24,0.0
2001-12-25,0.0
2001-12-26,0.0
2001-12-27,0.0
2001-12-28,0.0
2001-12-29,0.0
2001-12-30,0.0
2001-12-31,0.0
2002-01-01,0.0
2002-01-02,0.0
2002-01-03,0.0
2002-01-04,0.0
2002-01-05,1.098425232
2002-01-06,0.259842528
2002-01-07,0.0
2002-01-08,0.0
2002-01-09,0.0
2002-01-10,0.0
2002-01-11,0.0
2002-01-12,0.0
2002-01-13,0.0
2002-01-14,0.0
2002-01-15,0.0
2002-01-16,0.0
2002-01-17,0.0
2002-01-18,0.208661424
2002-01-19,0.858267744
2002-01-20,0.141732288
2002-01-21,0.09055118399999999
2002-01-22,0.01968504
2002-01-23,0.110236224
2002-01-24,1.7007874560000003
2002-01-25,0.0
2002-01-26,0.0
2002-01-27,0.0
2002-01-28,0.0
2002-01-29,0.0
2002-01-30,0.0
2002-01-31,0.57086616
2002-02-01,0.031496064000000004
2002-02-02,0.0
2002-02-03,0.0
2002-02-04,0.0
2002-02-05,0.46850395200000006
2002-02-06,0.401574816
2002-02-07,0.0
2002-02-08,0.0
2002-02-09,0.0
2002-02-10,0.07874016
2002-02-11,0.0
2002-02-12,0.0
2002-02-13,0.0
2002-02-14,0.0
2002-02-15,0.01968504
2002-02-16,0.0
2002-02-17,0.0
2002-02-18,0.0
2002-02-19,1.480315008
2002-02-20,0.291338592
2002-02-21,0.0
2002-02-22,0.031496064000000004
2002-02-23,0.0
2002-02-24,0.0
2002-02-25,0.011811024
2002-02-26,0.0
2002-02-27,0.0
2002-02-28,0.0
2002-03-01,0.11811024
2002-03-02,0.011811024
2002-03-03,0.0
2002-03-04,0.0
2002-03-05,0.0
2002-03-06,0.0
2002-03-07,0.0
2002-03-08,0.0
2002-03-09,0.33070867200000004
2002-03-10,0.0
2002-03-11,0.31102363200000005
2002-03-12,1.25984256
2002-03-13,0.0
2002-03-14,0.0
2002-03-15,0.03937008
2002-03-16,1.2283464960000001
2002-03-17,0.0
2002-03-18,0.0
2002-03-19,0.0
2002-03-20,1.5196850880000001
2002-03-21,0.0
2002-03-22,0.0
2002-03-23,0.0
2002-03-24,0.0
2002-03-25,0.0
2002-03-26,0.05905512
2002-03-27,0.0
2002-03-28,0.0
2002-03-29,0.0
2002-03-30,0.03937008
2002-03-31,1.4488189439999999
2002-04-01,0.0
2002-04-02,0.0
2002-04-03,0.0
2002-04-04,0.01968504
2002-04-05,0.0
2002-04-06,0.0
2002-04-07,0.0
2002-04-08,2.2519685760000003
2002-04-09,0.0
2002-04-10,0.0
2002-04-11,0.0
2002-04-12,0.0
2002-04-13,0.0
2002-04-14,0.0
2002-04-15,0.0
2002-04-16,0.0
2002-04-17,0.0
2002-04-18,0.0
2002-04-19,0.0
2002-04-20,0.0
2002-04-21,0.0
2002-04-22,0.03937008
2002-04-23,0.0
2002-04-24,0.0
2002-04-25,0.0
2002-04-26,0.05905512
2002-04-27,0.0
2002-04-28,0.0
2002-04-29,0.0
2002-04-30,0.0
2002-05-01,0.0
2002-05-02,0.0
2002-05-03,0.0
2002-05-04,0.338582688
2002-05-05,0.0
2002-05-06,0.0
2002-05-07,0.0
2002-05-08,0.0
2002-05-09,0.0
2002-05-10,0.0
2002-05-11,0.0
2002-05-12,0.0
2002-05-13,0.09055118399999999
2002-05-14,0.0
2002-05-15,0.0
2002-05-16,0.0
2002-05-17,0.700787424
2002-05-18,0.0
2002-05-19,0.0
2002-05-20,0.0
2002-05-21,0.0
2002-05-22,0.0
2002-05-23,0.0
2002-05-24,0.0
2002-05-25,0.0
2002-05-26,0.53149608
2002-05-27,0.0
2002-05-28,0.03937008
2002-05-29,0.350393712
2002-05-30,0.07874016
2002-05-31,0.0
2002-06-01,0.0
2002-06-02,0.0
2002-06-03,0.0
2002-06-04,0.0
2002-06-05,0.0
2002-06-06,0.0
2002-06-07,0.0
2002-06-08,0.0
2002-06-09,0.70866144
2002-06-10,0.07874016
2002-06-11,0.0
2002-06-12,0.0
2002-06-13,0.0
2002-06-14,0.0
2002-06-15,0.0
2002-06-16,0.358267728
2002-06-17,0.0
2002-06-18,0.0
2002-06-19,0.681102384
2002-06-20,0.0
2002-06-21,0.0
2002-06-22,0.0
2002-06-23,0.01968504
2002-06-24,0.31102363200000005
2002-06-25,0.03937008
2002-06-26,0.031496064000000004
2002-06-27,1.401574848
2002-06-28,0.500000016
2002-06-29,0.0
2002-06-30,0.0
2002-07-01,0.740157504
2002-07-02,0.0
2002-07-03,0.01968504
2002-07-04,0.070866144
2002-07-05,0.0
2002-07-06,0.0
2002-07-07,0.0
2002-07-08,0.0
2002-07-09,0.0
2002-07-10,1.6614173760000002
2002-07-11,0.01968504
2002-07-12,0.0984252
2002-07-13,0.141732288
2002-07-14,0.0
2002-07-15,0.0
2002-07-16,0.0
2002-07-17,0.0
2002-07-18,0.011811024
2002-07-19,0.0
2002-07-20,0.0
2002-07-21,0.0
2002-07-22,0.0
2002-07-23,0.0
2002-07-24,0.03937008
2002-07-25,0.031496064000000004
2002-07-26,0.0
2002-07-27,0.0
2002-07-28,0.0
2002-07-29,0.440944896
2002-07-30,1.940944944
2002-07-31,0.440944896
2002-08-01,0.200787408
2002-08-02,0.0
2002-08-03,0.0
2002-08-04,0.0
2002-08-05,0.03937008
2002-08-06,0.0
2002-08-07,0.0
2002-08-08,0.0
2002-08-09,0.0
2002-08-10,0.0
2002-08-11,0.0
2002-08-12,0.799212624
2002-08-13,0.299212608
2002-08-14,0.01968504
2002-08-15,1.019685072
2002-08-16,2.011811088
2002-08-17,0.0
2002-08-18,0.0
2002-08-19,0.070866144
2002-08-20,0.0
2002-08-21,0.09055118399999999
2002-08-22,0.0
2002-08-23,0.0
2002-08-24,0.0
2002-08-25,0.0
2002-08-26,0.0
2002-08-27,0.0
2002-08-28,0.0
2002-08-29,0.03937008
2002-08-30,0.0
2002-08-31,0.0
2002-09-01,0.0
2002-09-02,0.0
2002-09-03,0.0
2002-09-04,0.0
2002-09-05,0.051181104000000005
2002-09-06,0.0
2002-09-07,0.070866144
2002-09-08,0.0
2002-09-09,0.0
2002-09-10,0.0
2002-09-11,0.0
2002-09-12,0.0
2002-09-13,0.0
2002-09-14,0.0
2002-09-15,0.0
2002-09-16,0.0
2002-09-17,0.01968504
2002-09-18,0.0
2002-09-19,0.0
2002-09-20,0.031496064000000004
2002-09-21,0.291338592
2002-09-22,1.8188976960000003
2002-09-23,0.0
2002-09-24,0.05905512
2002-09-25,1.8582677760000001
2002-09-26,3.181102464
2002-09-27,0.0
2002-09-28,0.0
2002-09-29,0.0
2002-09-30,0.0
2002-10-01,0.0
2002-10-02,0.11811024
2002-10-03,0.440944896
2002-10-04,0.011811024
2002-10-05,0.0
2002-10-06,0.0
2002-10-07,0.40944883200000004
2002-10-08,0.0
2002-10-09,0.141732288
2002-10-10,0.07874016
2002-10-11,0.0
2002-10-12,0.0
2002-10-13,0.0
2002-10-14,0.0
2002-10-15,0.0
2002-10-16,0.0
2002-10-17,0.0
2002-10-18,0.0
2002-10-19,0.05905512
2002-10-20,1.6417323360000002
2002-10-21,0.0
2002-10-22,0.0
2002-10-23,0.0
2002-10-24,0.0
2002-10-25,0.338582688
2002-10-26,0.7795275840000001
2002-10-27,1.169291376
2002-10-28,0.38976379200000005
2002-10-29,0.141732288
2002-10-30,0.0
2002-10-31,0.0
2002-11-01,0.0
2002-11-02,0.0
2002-11-03,0.7204724640000001
2002-11-04,0.799212624
2002-11-05,0.500000016
2002-11-06,0.0
2002-11-07,0.0
2002-11-08,0.0
2002-11-09,0.0
2002-11-10,0.38976379200000005
2002-11-11,0.0
2002-11-12,0.0
2002-11-13,0.0
2002-11-14,0.0
2002-11-15,0.960629952
2002-11-16,0.0
2002-11-17,0.0
2002-11-18,0.0
2002-11-19,0.0
2002-11-20,0.0
2002-11-21,0.0
2002-11-22,0.0
2002-11-23,0.0
2002-11-24,0.0
2002-11-25,0.0
2002-11-26,0.031496064000000004
2002-11-27,0.0
2002-11-28,0.0
2002-11-29,0.0
2002-11-30,0.0984252
2002-12-01,0.0
2002-12-02,0.0
2002-12-03,0.01968504
2002-12-04,1.078740192
2002-12-05,0.0
2002-12-06,0.0
2002-12-07,0.0
2002-12-08,0.0
2002-12-09,0.03937008
2002-12-10,0.141732288
2002-12-11,0.0
2002-12-12,0.220472448
2002-12-13,0.33070867200000004
2002-12-14,0.0
2002-12-15,0.0
2002-12-16,0.0
2002-12-17,0.0
2002-12-18,0.0
2002-12-19,0.440944896
2002-12-20,0.0
2002-12-21,0.0
2002-12-22,0.0
2002-12-23,0.72834648
2002-12-24,1.3582677600000002
2002-12-25,0.0
2002-12-26,0.0
2002-12-27,0.0
2002-12-28,0.0
2002-12-29,0.0
2002-12-30,0.0
2002-12-31,1.059055152
2003-01-01,0.0
2003-01-02,0.0
2003-01-03,0.0
2003-01-04,0.0
2003-01-05,0.0
2003-01-06,0.0
2003-01-07,0.0
2003-01-08,0.0
2003-01-09,0.0
2003-01-10,0.0
2003-01-11,0.0
2003-01-12,0.0
2003-01-13,0.0
2003-01-14,0.0
2003-01-15,0.0
2003-01-16,0.0
2003-01-17,0.0
2003-01-18,0.0
2003-01-19,0.0
2003-01-20,0.0
2003-01-21,0.0
2003-01-22,0.0
2003-01-23,0.0
2003-01-24,0.0
2003-01-25,0.0
2003-01-26,0.0
2003-01-27,0.0
2003-01-28,0.0
2003-01-29,1.129921296
2003-01-30,0.0
2003-01-31,0.0
2003-02-01,0.0
2003-02-02,0.0
2003-02-03,0.0
2003-02-04,0.0
2003-02-05,0.01968504
2003-02-06,1.16141736
2003-02-07,0.0
2003-02-08,0.0
2003-02-09,0.460629936
2003-02-10,0.0
2003-02-11,0.0
2003-02-12,0.0
2003-02-13,0.0
2003-02-14,0.0
2003-02-15,0.7716535680000001
2003-02-16,0.0
2003-02-17,0.0
2003-02-18,0.0
2003-02-19,0.0
2003-02-20,0.53149608
2003-02-21,1.511811072
2003-02-22,0.0984252
2003-02-23,0.0
2003-02-24,0.0
2003-02-25,0.031496064000000004
2003-02-26,0.460629936
2003-02-27,0.0
2003-02-28,0.0
2003-03-01,0.0
2003-03-02,0.0
2003-03-03,0.0
2003-03-04,0.0
2003-03-05,1.2992126400000001
2003-03-06,0.0
2003-03-07,0.0
2003-03-08,0.0
2003-03-09,0.0
2003-03-10,0.0
2003-03-11,0.0
2003-03-12,0.0
2003-03-13,0.799212624
2003-03-14,0.0
2003-03-15,0.0
2003-03-16,0.031496064000000004
2003-03-17,0.031496064000000004
2003-03-18,0.6496063200000001
2003-03-19,0.0
2003-03-20,0.0
2003-03-21,0.0
2003-03-22,0.0
2003-03-23,0.0
2003-03-24,0.0
2003-03-25,0.0
2003-03-26,0.188976384
2003-03-27,0.0
2003-03-28,0.01968504
2003-03-29,0.110236224
2003-03-30,0.0
2003-03-31,0.0
2003-04-01,0.0
2003-04-02,0.0
2003-04-03,0.0
2003-04-04,0.0
2003-04-05,0.03937008
2003-04-06,6.90944904
2003-04-07,2.531496144
2003-04-08,0.0
2003-04-09,0.0
2003-04-10,0.0
2003-04-11,0.0
2003-04-12,0.0
2003-04-13,0.0
2003-04-14,0.0
2003-04-15,0.0
2003-04-16,0.0
2003-04-17,0.0
2003-04-18,0.0
2003-04-19,0.0
2003-04-20,0.0
2003-04-21,0.0
2003-04-22,0.0
2003-04-23,0.0
2003-04-24,2.629921344
2003-04-25,0.0
2003-04-26,0.0
2003-04-27,0.0
2003-04-28,0.0
2003-04-29,0.0
2003-04-30,0.0
2003-05-01,0.0
2003-05-02,0.0
2003-05-03,0.279527568
2003-05-04,0.0
2003-05-05,0.0
2003-05-06,0.559055136
2003-05-07,0.0
2003-05-08,0.0
2003-05-09,0.0
2003-05-10,0.0
2003-05-11,0.031496064000000004
2003-05-12,0.0
2003-05-13,0.0
2003-05-14,0.0
2003-05-15,0.051181104000000005
2003-05-16,0.0
2003-05-17,1.149606336
2003-05-18,0.11811024
2003-05-19,0.0
2003-05-20,0.519685056
2003-05-21,0.240157488
2003-05-22,0.0
2003-05-23,0.0
2003-05-24,0.0
2003-05-25,0.519685056
2003-05-26,0.0
2003-05-27,0.0
2003-05-28,0.0
2003-05-29,0.0
2003-05-30,0.0
2003-05-31,0.0
2003-06-01,0.0
2003-06-02,0.381889776
2003-06-03,0.141732288
2003-06-04,0.0
2003-06-05,0.0
2003-06-06,0.208661424
2003-06-07,0.0
2003-06-08,0.011811024
2003-06-09,0.0
2003-06-10,1.070866176
2003-06-11,0.011811024
2003-06-12,1.980315024
2003-06-13,0.161417328
2003-06-14,0.05905512
2003-06-15,0.259842528
2003-06-16,0.0
2003-06-17,0.141732288
2003-06-18,0.0
2003-06-19,0.0
2003-06-20,0.0
2003-06-21,0.0
2003-06-22,0.0
2003-06-23,0.0
2003-06-24,0.0
2003-06-25,0.0
2003-06-26,0.358267728
2003-06-27,0.09055118399999999
2003-06-28,0.0
2003-06-29,0.011811024
2003-06-30,0.0984252
2003-07-01,0.031496064000000004
2003-07-02,0.8307086880000001
2003-07-03,0.740157504
2003-07-04,1.019685072
2003-07-05,0.05905512
2003-07-06,0.0
2003-07-07,0.0
2003-07-08,0.01968504
2003-07-09,0.070866144
2003-07-10,0.031496064000000004
2003-07-11,0.0
2003-07-12,0.0
2003-07-13,0.0
2003-07-14,0.0
2003-07-15,0.0
2003-07-16,0.0
2003-07-17,0.0
2003-07-18,0.188976384
2003-07-19,0.0
2003-07-20,0.09055118399999999
2003-07-21,0.0
2003-07-22,0.40944883200000004
2003-07-23,0.0
2003-07-24,0.0
2003-07-25,0.0
2003-07-26,0.0
2003-07-27,0.0
2003-07-28,0.0
2003-07-29,0.0
2003-07-30,0.01968504
2003-07-31,0.011811024
2003-08-01,0.0
2003-08-02,0.011811024
2003-08-03,0.421259856
2003-08-04,0.0
2003-08-05,0.0
2003-08-06,0.940944912
2003-08-07,0.0
2003-08-08,0.0
2003-08-09,0.0
2003-08-10,0.0
2003-08-11,0.0
2003-08-12,1.16141736
2003-08-13,0.070866144
2003-08-14,0.0
2003-08-15,0.0
2003-08-16,0.38976379200000005
2003-08-17,0.0
2003-08-18,0.0
2003-08-19,0.318897648
2003-08-20,0.0
2003-08-21,0.0
2003-08-22,0.0
2003-08-23,0.0
2003-08-24,0.0
2003-08-25,0.0
2003-08-26,0.0
2003-08-27,0.011811024
2003-08-28,0.01968504
2003-08-29,0.338582688
2003-08-30,0.09055118399999999
2003-08-31,0.031496064000000004
2003-09-01,0.220472448
2003-09-02,0.240157488
2003-09-03,0.5905512
2003-09-04,0.0
2003-09-05,0.0
2003-09-06,0.0
2003-09-07,0.0
2003-09-08,0.0
2003-09-09,0.031496064000000004
2003-09-10,0.0
2003-09-11,0.0
2003-09-12,0.051181104000000005
2003-09-13,1.051181136
2003-09-14,0.0
2003-09-15,0.0
2003-09-16,0.0
2003-09-17,0.0
2003-09-18,0.0
2003-09-19,0.0
2003-09-20,0.0
2003-09-21,0.7716535680000001
2003-09-22,0.598425216
2003-09-23,0.0
2003-09-24,0.0
2003-09-25,0.0
2003-09-26,0.0
2003-09-27,0.0
2003-09-28,0.0
2003-09-29,0.0
2003-09-30,0.0
2003-10-01,0.0
2003-10-02,0.0
2003-10-03,0.0
2003-10-04,0.0
2003-10-05,0.0
2003-10-06,0.09055118399999999
2003-10-07,0.57086616
2003-10-08,0.0
2003-10-09,0.05905512
2003-10-10,1.059055152
2003-10-11,0.0
2003-10-12,0.0
2003-10-13,0.0
2003-10-14,0.0
2003-10-15,0.0
2003-10-16,0.0
2003-10-17,0.0
2003-10-18,0.0
2003-10-19,0.0
2003-10-20,0.0
2003-10-21,0.0
2003-10-22,0.0
2003-10-23,0.0
2003-10-24,0.0
2003-10-25,0.66929136
2003-10-26,0.0
2003-10-27,0.011811024
2003-10-28,0.0
2003-10-29,0.0
2003-10-30,0.0
2003-10-31,0.0
2003-11-01,0.0
2003-11-02,0.0
2003-11-03,0.0
2003-11-04,0.0
2003-11-05,0.0
2003-11-06,0.0
2003-11-07,0.0
2003-11-08,0.0
2003-11-09,0.0
2003-11-10,0.0
2003-11-11,0.0
2003-11-12,0.0
2003-11-13,0.0
2003-11-14,0.0
2003-11-15,0.0
2003-11-16,0.5511811200000001
2003-11-17,0.0
2003-11-18,1.6181102880000002
2003-11-19,0.0
2003-11-20,0.0
2003-11-21,0.0
2003-11-22,0.0
2003-11-23,0.811023648
2003-11-24,0.0
2003-11-25,0.0
2003-11-26,0.0
2003-11-27,2.629921344
2003-11-28,0.0
2003-11-29,0.0
2003-11-30,0.0
2003-12-01,0.0
2003-12-02,0.0
2003-12-03,0.440944896
2003-12-04,0.0
2003-12-05,0.0
2003-12-06,0.0
2003-12-07,0.0
2003-12-08,0.0
2003-12-09,0.46850395200000006
2003-12-10,0.0
2003-12-11,0.0
2003-12-12,0.0
2003-12-13,0.440944896
2003-12-14,0.0
2003-12-15,0.0
2003-12-16,0.0
2003-12-17,0.0
2003-12-18,0.0
2003-12-19,0.0
2003-12-20,0.0
2003-12-21,0.0
2003-12-22,0.0
2003-12-23,1.031496096
2003-12-24,0.0
2003-12-25,0.0
2003-12-26,0.0
2003-12-27,0.0
2003-12-28,0.0
2003-12-29,1.4606299680000001
2003-12-30,0.0
2003-12-31,0.0
2004-01-01,0.0
2004-01-02,0.0
2004-01-03,0.0
2004-01-04,0.370078752
2004-01-05,0.188976384
2004-01-06,0.0
2004-01-07,0.0
2004-01-08,0.6614173440000001
2004-01-09,0.011811024
2004-01-10,0.0
2004-01-11,0.0
2004-01-12,0.0
2004-01-13,0.0
2004-01-14,0.0
2004-01-15,0.0
2004-01-16,0.0
2004-01-17,0.7519685280000001
2004-01-18,0.0
2004-01-19,0.0
2004-01-20,0.0
2004-01-21,0.0
2004-01-22,0.0
2004-01-23,0.0
2004-01-24,0.48818899200000004
2004-01-25,1.370078784
2004-01-26,0.0
2004-01-27,0.0
2004-01-28,0.0
2004-01-29,0.011811024
2004-01-30,0.0
2004-01-31,0.0
2004-02-01,0.0
2004-02-02,0.051181104000000005
2004-02-03,0.0
2004-02-04,0.0
2004-02-05,1.7401575360000001
2004-02-06,0.011811024
2004-02-07,0.0
2004-02-08,0.0
2004-02-09,0.0
2004-02-10,0.141732288
2004-02-11,0.460629936
2004-02-12,0.0
2004-02-13,0.0
2004-02-14,0.370078752
2004-02-15,0.0
2004-02-16,0.0
2004-02-17,0.0
2004-02-18,0.0
2004-02-19,0.0
2004-02-20,0.0
2004-02-21,0.0
2004-02-22,0.0
2004-02-23,0.72834648
2004-02-24,0.01968504
2004-02-25,0.220472448
2004-02-26,0.0
2004-02-27,0.0
2004-02-28,0.0
2004-02-29,0.0
2004-03-01,0.220472448
2004-03-02,0.240157488
2004-03-03,0.0
2004-03-04,0.0
2004-03-05,0.38976379200000005
2004-03-06,0.0
2004-03-07,0.0
2004-03-08,0.0
2004-03-09,0.0
2004-03-10,0.0
2004-03-11,0.0
2004-03-12,0.0
2004-03-13,0.0
2004-03-14,0.11811024
2004-03-15,0.141732288
2004-03-16,0.0
2004-03-17,0.0
2004-03-18,0.0
2004-03-19,0.0
2004-03-20,0.0
2004-03-21,0.0
2004-03-22,0.0
2004-03-23,0.0
2004-03-24,0.0
2004-03-25,0.0
2004-03-26,0.0
2004-03-27,0.0
2004-03-28,0.0
2004-03-29,0.011811024
2004-03-30,0.0
2004-03-31,0.0
2004-04-01,0.0
2004-04-02,0.0
2004-04-03,0.0
2004-04-04,0.0
2004-04-05,0.0
2004-04-06,0.0
2004-04-07,0.031496064000000004
2004-04-08,0.011811024
2004-04-09,0.0
2004-04-10,0.318897648
2004-04-11,1.2716535839999998
2004-04-12,0.33070867200000004
2004-04-13,0.0
2004-04-14,0.0
2004-04-15,0.0
2004-04-16,0.0
2004-04-17,0.0
2004-04-18,0.0
2004-04-19,0.0
2004-04-20,0.0
2004-04-21,0.0
2004-04-22,0.0
2004-04-23,0.0
2004-04-24,0.228346464
2004-04-25,0.881889792
2004-04-26,0.0
2004-04-27,0.0
2004-04-28,0.0
2004-04-29,0.161417328
2004-04-30,0.070866144
2004-05-01,0.8503937280000001
2004-05-02,0.011811024
2004-05-03,0.0
2004-05-04,0.0
2004-05-05,0.0
2004-05-06,0.0
2004-05-07,0.0
2004-05-08,0.0
2004-05-09,0.0
2004-05-10,0.0
2004-05-11,0.110236224
2004-05-12,0.7795275840000001
2004-05-13,0.0
2004-05-14,2.511811104
2004-05-15,0.381889776
2004-05-16,0.11811024
2004-05-17,0.220472448
2004-05-18,1.2795276
2004-05-19,0.0
2004-05-20,0.0
2004-05-21,0.0
2004-05-22,0.0
2004-05-23,0.0
2004-05-24,0.0
2004-05-25,0.0
2004-05-26,0.0
2004-05-27,0.0
2004-05-28,0.700787424
2004-05-29,0.0
2004-05-30,0.0
2004-05-31,2.3110236960000003
2004-06-01,0.338582688
2004-06-02,0.011811024
2004-06-03,0.299212608
2004-06-04,0.0
2004-06-05,0.0
2004-06-06,0.901574832
2004-06-07,0.0
2004-06-08,0.051181104000000005
2004-06-09,0.0
2004-06-10,0.0
2004-06-11,0.0
2004-06-12,0.0
2004-06-13,0.0
2004-06-14,0.240157488
2004-06-15,1.14173232
2004-06-16,0.62992128
2004-06-17,0.169291344
2004-06-18,0.0
2004-06-19,0.0
2004-06-20,0.0
2004-06-21,0.011811024
2004-06-22,0.838582704
2004-06-23,0.05905512
2004-06-24,0.5511811200000001
2004-06-25,0.38976379200000005
2004-06-26,0.129921264
2004-06-27,0.18110236799999999
2004-06-28,0.0
2004-06-29,0.0
2004-06-30,0.188976384
2004-07-01,0.350393712
2004-07-02,0.539370096
2004-07-03,0.0
2004-07-04,0.0
2004-07-05,0.318897648
2004-07-06,0.0
2004-07-07,0.0
2004-07-08,0.0
2004-07-09,0.18110236799999999
2004-07-10,0.0
2004-07-11,0.0
2004-07-12,0.0
2004-07-13,0.0
2004-07-14,0.0
2004-07-15,0.0984252
2004-07-16,1.110236256
2004-07-17,0.18110236799999999
2004-07-18,0.0
2004-07-19,0.0
2004-07-20,0.0
2004-07-21,0.0
2004-07-22,0.0
2004-07-23,0.070866144
2004-07-24,0.0
2004-07-25,0.0
2004-07-26,0.011811024
2004-07-27,0.0
2004-07-28,0.0
2004-07-29,0.0
2004-07-30,0.0
2004-07-31,0.0
2004-08-01,0.0
2004-08-02,0.0
2004-08-03,0.0
2004-08-04,0.0
2004-08-05,0.110236224
2004-08-06,0.0
2004-08-07,0.0
2004-08-08,0.0
2004-08-09,0.0
2004-08-10,0.01968504
2004-08-11,0.0
2004-08-12,0.0
2004-08-13,0.0
2004-08-14,0.0
2004-08-15,0.0
2004-08-16,0.0
2004-08-17,0.0
2004-08-18,0.0
2004-08-19,0.011811024
2004-08-20,0.7795275840000001
2004-08-21,0.72834648
2004-08-22,0.0
2004-08-23,1.3818898080000002
2004-08-24,0.0
2004-08-25,0.0
2004-08-26,0.0
2004-08-27,0.0
2004-08-28,0.9291338880000001
2004-08-29,0.0
2004-08-30,0.0
2004-08-31,0.0
2004-09-01,0.0
2004-09-02,0.0
2004-09-03,0.61023624
2004-09-04,0.338582688
2004-09-05,0.0
2004-09-06,0.0
2004-09-07,0.0
2004-09-08,0.0
2004-09-09,0.0
2004-09-10,0.0
2004-09-11,0.0
2004-09-12,0.0
2004-09-13,0.0
2004-09-14,0.0
2004-09-15,0.0
2004-09-16,0.0
2004-09-17,0.0
2004-09-18,0.0
2004-09-19,0.0
2004-09-20,0.0
2004-09-21,0.0
2004-09-22,0.0
2004-09-23,0.0
2004-09-24,0.0
2004-09-25,0.0
2004-09-26,0.0
2004-09-27,0.0
2004-09-28,0.0
2004-09-29,0.0
2004-09-30,0.0
2004-10-01,0.0
2004-10-02,0.0
2004-10-03,0.0
2004-10-04,0.011811024
2004-10-05,0.01968504
2004-10-06,0.0
2004-10-07,0.0
2004-10-08,0.188976384
2004-10-09,0.968503968
2004-10-10,1.208661456
2004-10-11,0.09055118399999999
2004-10-12,0.0
2004-10-13,0.0
2004-10-14,0.0
2004-10-15,0.0
2004-10-16,0.0
2004-10-17,0.0
2004-10-18,0.0
2004-10-19,0.0984252
2004-10-20,0.0
2004-10-21,0.0
2004-10-22,0.0
2004-10-23,0.350393712
2004-10-24,0.0
2004-10-25,0.0
2004-10-26,0.0
2004-10-27,0.0
2004-10-28,0.0
2004-10-29,0.0
2004-10-30,0.0
2004-10-31,0.0
2004-11-01,0.011811024
2004-11-02,0.33070867200000004
2004-11-03,0.940944912
2004-11-04,0.0
2004-11-05,0.0
2004-11-06,0.0
2004-11-07,0.0
2004-11-08,0.0
2004-11-09,0.0
2004-11-10,0.03937008
2004-11-11,0.0
2004-11-12,0.0
2004-11-13,0.0
2004-11-14,0.0
2004-11-15,0.0
2004-11-16,0.0
2004-11-17,0.0
2004-11-18,0.031496064000000004
2004-11-19,0.01968504
2004-11-20,0.129921264
2004-11-21,1.681102416
2004-11-22,0.401574816
2004-11-23,0.01968504
2004-11-24,0.9291338880000001
2004-11-25,0.0
2004-11-26,0.0
2004-11-27,1.188976416
2004-11-28,0.0
2004-11-29,0.0
2004-11-30,0.448818912
2004-12-01,0.0
2004-12-02,0.0
2004-12-03,0.0
2004-12-04,0.0
2004-12-05,0.598425216
2004-12-06,1.16141736
2004-12-07,0.51181104
2004-12-08,0.240157488
2004-12-09,1.7007874560000003
2004-12-10,0.0
2004-12-11,0.0
2004-12-12,0.0
2004-12-13,0.0
2004-12-14,0.0
2004-12-15,0.0
2004-12-16,0.0
2004-12-17,0.0
2004-12-18,0.0
2004-12-19,0.0
2004-12-20,0.0
2004-12-21,0.0
2004-12-22,0.350393712
2004-12-23,0.0
2004-12-24,0.0
2004-12-25,0.0
2004-12-26,0.0
2004-12-27,0.0
2004-12-28,0.0
2004-12-29,0.0
2004-12-30,0.0
2004-12-31,0.0
2005-01-01,0.141732288
2005-01-02,0.01968504
2005-01-03,0.0
2005-01-04,0.0
2005-01-05,0.0
2005-01-06,0.129921264
2005-01-07,0.838582704
2005-01-08,0.0
2005-01-09,0.0
2005-01-10,0.0
2005-01-11,0.0
2005-01-12,0.0
2005-01-13,0.48818899200000004
2005-01-14,0.0
2005-01-15,0.0
2005-01-16,0.0
2005-01-17,0.0
2005-01-18,0.0
2005-01-19,0.0
2005-01-20,0.0
2005-01-21,0.0
2005-01-22,0.0
2005-01-23,0.0
2005-01-24,0.0
2005-01-25,0.0
2005-01-26,0.0
2005-01-27,0.0
2005-01-28,0.129921264
2005-01-29,0.0
2005-01-30,0.0
2005-01-31,0.500000016
2005-02-01,0.5905512
2005-02-02,0.401574816
2005-02-03,0.0
2005-02-04,0.0
2005-02-05,0.0
2005-02-06,0.0
2005-02-07,1.000000032
2005-02-08,0.0
2005-02-09,0.358267728
2005-02-10,0.0
2005-02-11,0.0
2005-02-12,0.0
2005-02-13,0.519685056
2005-02-14,0.0
2005-02-15,0.0
2005-02-16,0.0
2005-02-17,0.0
2005-02-18,0.0
2005-02-19,0.0
2005-02-20,0.031496064000000004
2005-02-21,0.0
2005-02-22,0.0
2005-02-23,0.539370096
2005-02-24,0.0
2005-02-25,0.0
2005-02-26,0.0
2005-02-27,0.0984252
2005-02-28,0.0
2005-03-01,0.0
2005-03-02,0.0
2005-03-03,0.0
2005-03-04,0.0
2005-03-05,0.0
2005-03-06,0.0
2005-03-07,1.33858272
2005-03-08,0.0
2005-03-09,0.0
2005-03-10,0.0
2005-03-11,0.0
2005-03-12,0.0
2005-03-13,0.7598425440000001
2005-03-14,0.0
2005-03-15,0.500000016
2005-03-16,0.0
2005-03-17,0.0
2005-03-18,0.0
2005-03-19,0.01968504
2005-03-20,1.3307087039999999
2005-03-21,0.0
2005-03-22,0.7598425440000001
2005-03-23,0.0
2005-03-24,0.0
2005-03-25,0.0
2005-03-26,0.51181104
2005-03-27,0.0
2005-03-28,0.0
2005-03-29,0.0
2005-03-30,0.31102363200000005
2005-03-31,0.03937008
2005-04-01,1.188976416
2005-04-02,0.0
2005-04-03,0.0
2005-04-04,0.0
2005-04-05,0.0
2005-04-06,1.000000032
2005-04-07,0.0
2005-04-08,0.0
2005-04-09,0.0
2005-04-10,0.0
2005-04-11,1.6181102880000002
2005-04-12,0.0
2005-04-13,0.0
2005-04-14,0.0
2005-04-15,0.0
2005-04-16,0.0
2005-04-17,0.0
2005-04-18,0.0
2005-04-19,0.0
2005-04-20,0.0
2005-04-21,0.0
2005-04-22,0.129921264
2005-04-23,0.0
2005-04-24,0.0
2005-04-25,0.129921264
2005-04-26,1.3582677600000002
2005-04-27,0.0
2005-04-28,0.0
2005-04-29,0.0
2005-04-30,0.338582688
2005-05-01,0.0
2005-05-02,0.0
2005-05-03,0.0
2005-05-04,0.0
2005-05-05,0.0
2005-05-06,0.0
2005-05-07,0.0
2005-05-08,0.0
2005-05-09,0.0
2005-05-10,0.0
2005-05-11,0.0
2005-05-12,0.0
2005-05-13,0.0
2005-05-14,1.098425232
2005-05-15,0.0
2005-05-16,0.0
2005-05-17,0.0
2005-05-18,0.0
2005-05-19,0.0
2005-05-20,0.011811024
2005-05-21,0.0
2005-05-22,0.0
2005-05-23,0.0
2005-05-24,0.200787408
2005-05-25,0.0
2005-05-26,0.0
2005-05-27,0.0
2005-05-28,0.0
2005-05-29,0.350393712
2005-05-30,0.01968504
2005-05-31,0.0
2005-06-01,0.0
2005-06-02,0.0
2005-06-03,0.0
2005-06-04,0.0
2005-06-05,0.0
2005-06-06,0.33070867200000004
2005-06-07,0.0
2005-06-08,1.16141736
2005-06-09,0.448818912
2005-06-10,0.149606304
2005-06-11,0.0
2005-06-12,0.0
2005-06-13,0.0
2005-06-14,0.0
2005-06-15,0.0
2005-06-16,0.0
2005-06-17,0.11811024
2005-06-18,0.0
2005-06-19,0.0
2005-06-20,0.0
2005-06-21,0.0
2005-06-22,0.0
2005-06-23,0.0
2005-06-24,0.0
2005-06-25,0.0
2005-06-26,0.0
2005-06-27,0.0
2005-06-28,0.350393712
2005-06-29,0.0
2005-06-30,0.0
2005-07-01,0.0
2005-07-02,0.0
2005-07-03,0.0
2005-07-04,0.0
2005-07-05,0.031496064000000004
2005-07-06,0.0
2005-07-07,0.011811024
2005-07-08,0.0
2005-07-09,0.011811024
2005-07-10,0.01968504
2005-07-11,0.07874016
2005-07-12,0.0
2005-07-13,0.011811024
2005-07-14,0.519685056
2005-07-15,0.01968504
2005-07-16,0.51181104
2005-07-17,0.011811024
2005-07-18,0.0
2005-07-19,0.0
2005-07-20,0.07874016
2005-07-21,0.350393712
2005-07-22,0.0
2005-07-23,0.0
2005-07-24,0.0
2005-07-25,0.0
2005-07-26,0.0
2005-07-27,0.0
2005-07-28,0.0
2005-07-29,0.0
2005-07-30,0.03937008
2005-07-31,0.0
2005-08-01,0.0
2005-08-02,0.01968504
2005-08-03,0.110236224
2005-08-04,0.0
2005-08-05,0.240157488
2005-08-06,0.0
2005-08-07,0.0
2005-08-08,0.01968504
2005-08-09,0.0
2005-08-10,0.09055118399999999
2005-08-11,0.0
2005-08-12,0.0
2005-08-13,0.0
2005-08-14,0.0
2005-08-15,1.7283465120000001
2005-08-16,0.0
2005-08-17,0.0
2005-08-18,0.0
2005-08-19,0.0
2005-08-20,0.0
2005-08-21,0.031496064000000004
2005-08-22,0.0
2005-08-23,0.0
2005-08-24,0.0
2005-08-25,0.0
2005-08-26,0.0
2005-08-27,0.0
2005-08-28,0.0
2005-08-29,0.480314976
2005-08-30,0.031496064000000004
2005-08-31,0.011811024
2005-09-01,0.0
2005-09-02,0.0
2005-09-03,0.0
2005-09-04,0.0
2005-09-05,0.0
2005-09-06,0.0
2005-09-07,0.0
2005-09-08,0.0
2005-09-09,0.0
2005-09-10,0.0
2005-09-11,0.0
2005-09-12,0.0
2005-09-13,0.0
2005-09-14,0.0
2005-09-15,0.0
2005-09-16,0.279527568
2005-09-17,0.0
2005-09-18,0.0
2005-09-19,0.0
2005-09-20,0.0
2005-09-21,0.0
2005-09-22,0.0
2005-09-23,0.0
2005-09-24,0.480314976
2005-09-25,2.200787472
2005-09-26,0.0
2005-09-27,0.0
2005-09-28,0.0
2005-09-29,0.0
2005-09-30,0.0
2005-10-01,0.0
2005-10-02,0.0
2005-10-03,0.0
2005-10-04,0.0
2005-10-05,0.0
2005-10-06,0.0
2005-10-07,0.0
2005-10-08,0.0
2005-10-09,0.0
2005-10-10,0.0
2005-10-11,0.0
2005-10-12,0.0
2005-10-13,0.0
2005-10-14,0.0
2005-10-15,0.0
2005-10-16,0.0
2005-10-17,0.0
2005-10-18,0.0
2005-10-19,0.0
2005-10-20,0.0
2005-10-21,0.0
2005-10-22,0.0
2005-10-23,0.0
2005-10-24,0.0
2005-10-25,0.0
2005-10-26,0.0
2005-10-27,0.0
2005-10-28,0.0
2005-10-29,0.0
2005-10-30,0.0
2005-10-31,0.0
2005-11-01,0.0
2005-11-02,0.0
2005-11-03,0.0
2005-11-04,0.0
2005-11-05,0.0
2005-11-06,0.0
2005-11-07,0.0
2005-11-08,0.0
2005-11-09,0.0
2005-11-10,0.0
2005-11-11,0.0
2005-11-12,0.0
2005-11-13,0.259842528
2005-11-14,0.169291344
2005-11-15,0.51181104
2005-11-16,0.0
2005-11-17,0.0
2005-11-18,0.0
2005-11-19,0.0
2005-11-20,0.011811024
2005-11-21,0.03937008
2005-11-22,0.0
2005-11-23,0.0
2005-11-24,0.0
2005-11-25,0.0
2005-11-26,0.381889776
2005-11-27,0.0
2005-11-28,0.38976379200000005
2005-11-29,0.0
2005-11-30,0.0
2005-12-01,0.0
2005-12-02,0.0
2005-12-03,0.0
2005-12-04,0.03937008
2005-12-05,0.0
2005-12-06,0.0
2005-12-07,0.0
2005-12-08,0.25196851200000003
2005-12-09,0.0
2005-12-10,0.0
2005-12-11,0.0
2005-12-12,0.0
2005-12-13,0.0
2005-12-14,2.5393701600000003
2005-12-15,0.0
2005-12-16,0.0
2005-12-17,0.0
2005-12-18,0.0
2005-12-19,0.0
2005-12-20,0.0
2005-12-21,0.0
2005-12-22,0.0
2005-12-23,0.0
2005-12-24,0.358267728
2005-12-25,0.0
2005-12-26,0.0
2005-12-27,0.0
2005-12-28,0.0
2005-12-29,0.0
2005-12-30,0.0
2005-12-31,0.0
2006-01-01,0.0
2006-01-02,0.0
2006-01-03,0.0
2006-01-04,0.0
2006-01-05,0.0
2006-01-06,0.0
2006-01-07,0.0
2006-01-08,0.0
2006-01-09,0.0
2006-01-10,0.33070867200000004
2006-01-11,0.0
2006-01-12,0.0
2006-01-13,0.299212608
2006-01-14,0.0
2006-01-15,0.0
2006-01-16,0.031496064000000004
2006-01-17,0.811023648
2006-01-18,0.0
2006-01-19,0.0
2006-01-20,0.0
2006-01-21,0.0
2006-01-22,0.700787424
2006-01-23,0.401574816
2006-01-24,0.0
2006-01-25,0.0
2006-01-26,0.0
2006-01-27,0.0
2006-01-28,1.7204724960000002
2006-01-29,0.0
2006-01-30,0.0
2006-01-31,0.0
2006-02-01,0.0
2006-02-02,1.401574848
2006-02-03,0.070866144
2006-02-04,0.0
2006-02-05,0.0
2006-02-06,0.110236224
2006-02-07,0.0
2006-02-08,0.0
2006-02-09,0.0
2006-02-10,1.4409449280000002
2006-02-11,0.0
2006-02-12,0.0
2006-02-13,0.0
2006-02-14,0.0
2006-02-15,0.0
2006-02-16,0.0
2006-02-17,0.0
2006-02-18,0.0
2006-02-19,0.0
2006-02-20,0.299212608
2006-02-21,0.0
2006-02-22,0.070866144
2006-02-23,0.381889776
2006-02-24,0.051181104000000005
2006-02-25,1.9015748639999999
2006-02-26,0.0
2006-02-27,0.0
2006-02-28,0.0
2006-03-01,0.0
2006-03-02,0.0
2006-03-03,0.0
2006-03-04,0.0
2006-03-05,0.0
2006-03-06,0.0
2006-03-07,0.0
2006-03-08,0.0
2006-03-09,1.2716535839999998
2006-03-10,0.0
2006-03-11,0.0
2006-03-12,0.0
2006-03-13,0.188976384
2006-03-14,0.0
2006-03-15,0.0
2006-03-16,0.011811024
2006-03-17,0.0
2006-03-18,0.279527568
2006-03-19,0.279527568
2006-03-20,1.4488189439999999
2006-03-21,0.0
2006-03-22,0.0
2006-03-23,0.0
2006-03-24,0.0
2006-03-25,0.0
2006-03-26,0.0
2006-03-27,0.0
2006-03-28,0.011811024
2006-03-29,0.0
2006-03-30,0.0
2006-03-31,0.291338592
2006-04-01,0.0
2006-04-02,0.0
2006-04-03,0.01968504
2006-04-04,0.0
2006-04-05,0.0
2006-04-06,0.0
2006-04-07,0.011811024
2006-04-08,0.141732288
2006-04-09,0.0
2006-04-10,0.0
2006-04-11,0.0
2006-04-12,0.0
2006-04-13,0.0
2006-04-14,0.0
2006-04-15,0.0
2006-04-16,0.0
2006-04-17,0.0
2006-04-18,0.0
2006-04-19,0.0
2006-04-20,0.0
2006-04-21,0.62992128
2006-04-22,0.0
2006-04-23,0.0
2006-04-24,0.0
2006-04-25,0.0
2006-04-26,0.161417328
2006-04-27,0.0
2006-04-28,0.0
2006-04-29,0.960629952
2006-04-30,0.070866144
2006-05-01,0.0
2006-05-02,0.0
2006-05-03,0.0
2006-05-04,0.0984252
2006-05-05,0.598425216
2006-05-06,0.53149608
2006-05-07,0.338582688
2006-05-08,0.0
2006-05-09,0.0
2006-05-10,0.57086616
2006-05-11,0.0
2006-05-12,0.0
2006-05-13,0.0
2006-05-14,0.129921264
2006-05-15,0.0
2006-05-16,0.0
2006-05-17,0.011811024
2006-05-18,0.0
2006-05-19,0.0
2006-05-20,0.0
2006-05-21,0.0
2006-05-22,0.0
2006-05-23,0.031496064000000004
2006-05-24,0.0
2006-05-25,0.0
2006-05-26,0.0
2006-05-27,0.0
2006-05-28,0.0
2006-05-29,0.0
2006-05-30,0.0
2006-05-31,0.0
2006-06-01,0.960629952
2006-06-02,0.0
2006-06-03,0.0
2006-06-04,0.0
2006-06-05,0.0
2006-06-06,0.0
2006-06-07,0.0
2006-06-08,0.0
2006-06-09,0.0
2006-06-10,0.0
2006-06-11,0.0
2006-06-12,0.0
2006-06-13,0.0
2006-06-14,0.0
2006-06-15,0.0
2006-06-16,0.0
2006-06-17,0.681102384
2006-06-18,0.0
2006-06-19,0.9291338880000001
2006-06-20,0.0
2006-06-21,0.0
2006-06-22,0.0
2006-06-23,0.271653552
2006-06-24,0.0
2006-06-25,0.0
2006-06-26,0.0
2006-06-27,0.0
2006-06-28,0.0
2006-06-29,0.0
2006-06-30,0.0
2006-07-01,0.0
2006-07-02,0.0
2006-07-03,0.0
2006-07-04,0.799212624
2006-07-05,0.141732288
2006-07-06,0.200787408
2006-07-07,0.0
2006-07-08,0.0
2006-07-09,0.149606304
2006-07-10,0.031496064000000004
2006-07-11,0.0
2006-07-12,0.0
2006-07-13,0.0
2006-07-14,0.0
2006-07-15,0.0984252
2006-07-16,0.0
2006-07-17,0.0
2006-07-18,0.0
2006-07-19,2.2519685760000003
2006-07-20,0.0
2006-07-21,0.0
2006-07-22,0.299212608
2006-07-23,0.0
2006-07-24,0.0
2006-07-25,0.370078752
2006-07-26,0.11811024
2006-07-27,0.0
2006-07-28,0.01968504
2006-07-29,0.0
2006-07-30,0.0
2006-07-31,0.110236224
2006-08-01,0.0
2006-08-02,0.0
2006-08-03,0.0
2006-08-04,0.0
2006-08-05,0.0
2006-08-06,0.0
2006-08-07,0.0
2006-08-08,0.0
2006-08-09,0.8700787680000001
2006-08-10,0.299212608
2006-08-11,0.0
2006-08-12,0.0
2006-08-13,0.208661424
2006-08-14,0.0
2006-08-15,0.0
2006-08-16,0.0
2006-08-17,0.0
2006-08-18,0.0
2006-08-19,0.0
2006-08-20,0.0
2006-08-21,0.358267728
2006-08-22,0.0
2006-08-23,0.0
2006-08-24,0.0
2006-08-25,0.0
2006-08-26,0.0
2006-08-27,0.0
2006-08-28,0.0
2006-08-29,0.0
2006-08-30,0.0
2006-08-31,0.0
2006-09-01,0.0
2006-09-02,0.0
2006-09-03,0.0
2006-09-04,0.0
2006-09-05,0.0
2006-09-06,0.0
2006-09-07,0.0
2006-09-08,0.05905512
2006-09-09,0.0
2006-09-10,0.0
2006-09-11,0.259842528
2006-09-12,0.01968504
2006-09-13,0.031496064000000004
2006-09-14,0.0
2006-09-15,0.0
2006-09-16,0.0
2006-09-17,0.0
2006-09-18,0.291338592
2006-09-19,0.0
2006-09-20,0.0
2006-09-21,0.09055118399999999
2006-09-22,0.0
2006-09-23,0.0
2006-09-24,0.051181104000000005
2006-09-25,0.0
2006-09-26,0.0
2006-09-27,0.0
2006-09-28,0.0
2006-09-29,0.0
2006-09-30,0.0
2006-10-01,0.0
2006-10-02,0.0
2006-10-03,0.0
2006-10-04,0.0
2006-10-05,0.0
2006-10-06,0.0
2006-10-07,0.0
2006-10-08,0.0
2006-10-09,0.0
2006-10-10,0.0
2006-10-11,0.0
2006-10-12,0.0
2006-10-13,0.0
2006-10-14,0.0
2006-10-15,0.01968504
2006-10-16,3.811023744
2006-10-17,0.161417328
2006-10-18,0.03937008
2006-10-19,1.039370112
2006-10-20,0.0
2006-10-21,1.629921312
2006-10-22,0.051181104000000005
2006-10-23,0.0
2006-10-24,0.0
2006-10-25,0.070866144
2006-10-26,0.8897638080000001
2006-10-27,0.6496063200000001
2006-10-28,0.0
2006-10-29,0.0
2006-10-30,0.0
2006-10-31,0.0
2006-11-01,0.401574816
2006-11-02,0.0
2006-11-03,0.0
2006-11-04,0.0
2006-11-05,0.0
2006-11-06,0.9881890080000001
2006-11-07,0.07874016
2006-11-08,0.0
2006-11-09,0.0
2006-11-10,0.0
2006-11-11,0.0
2006-11-12,0.0
2006-11-13,0.0
2006-11-14,0.01968504
2006-11-15,0.200787408
2006-11-16,0.011811024
2006-11-17,0.0
2006-11-18,0.0
2006-11-19,0.0
2006-11-20,0.0
2006-11-21,0.0
2006-11-22,0.0
2006-11-23,0.0
2006-11-24,0.0
2006-11-25,0.0
2006-11-26,0.0
2006-11-27,0.0
2006-11-28,0.0
2006-11-29,0.0
2006-11-30,0.169291344
2006-12-01,0.0
2006-12-02,0.0
2006-12-03,0.0
2006-12-04,0.0
2006-12-05,0.0
2006-12-06,0.0
2006-12-07,0.0
2006-12-08,0.0
2006-12-09,0.0
2006-12-10,0.0
2006-12-11,0.0
2006-12-12,0.57086616
2006-12-13,0.0
2006-12-14,0.0
2006-12-15,0.0
2006-12-16,0.0
2006-12-17,0.0
2006-12-18,0.0
2006-12-19,0.0
2006-12-20,0.01968504
2006-12-21,0.149606304
2006-12-22,0.11811024
2006-12-23,0.0
2006-12-24,0.799212624
2006-12-25,0.169291344
2006-12-26,0.0
2006-12-27,0.0
2006-12-28,0.0
2006-12-29,0.0
2006-12-30,3.358267824
2006-12-31,0.011811024
2007-01-01,0.0
2007-01-02,0.0
2007-01-03,0.0
2007-01-04,2.909448912
2007-01-05,0.07874016
2007-01-06,0.0
2007-01-07,0.5511811200000001
2007-01-08,0.0
2007-01-09,0.0
2007-01-10,0.0
2007-01-11,0.0
2007-01-12,0.0
2007-01-13,0.0
2007-01-14,0.0
2007-01-15,0.559055136
2007-01-16,0.0
2007-01-17,0.011811024
2007-01-18,0.03937008
2007-01-19,0.01968504
2007-01-20,0.0
2007-01-21,1.000000032
2007-01-22,0.0
2007-01-23,0.0
2007-01-24,0.0
2007-01-25,0.0
2007-01-26,0.0
2007-01-27,0.618110256
2007-01-28,0.0
2007-01-29,0.0
2007-01-30,0.0
2007-01-31,0.279527568
2007-02-01,0.448818912
2007-02-02,0.0
2007-02-03,0.0
2007-02-04,0.0
2007-02-05,0.0
2007-02-06,0.0
2007-02-07,0.0
2007-02-08,0.0
2007-02-09,0.299212608
2007-02-10,0.0
2007-02-11,0.0
2007-02-12,0.01968504
2007-02-13,0.208661424
2007-02-14,0.0
2007-02-15,0.0
2007-02-16,0.0
2007-02-17,0.0
2007-02-18,0.0
2007-02-19,0.0
2007-02-20,0.05905512
2007-02-21,0.0
2007-02-22,0.0
2007-02-23,0.0
2007-02-24,0.370078752
2007-02-25,0.0
2007-02-26,0.0
2007-02-27,0.0
2007-02-28,0.0
2007-03-01,0.279527568
2007-03-02,0.0
2007-03-03,0.0
2007-03-04,0.0
2007-03-05,0.0
2007-03-06,0.0
2007-03-07,0.0
2007-03-08,0.0
2007-03-09,0.0
2007-03-10,0.0
2007-03-11,0.0
2007-03-12,0.0
2007-03-13,0.0
2007-03-14,0.0
2007-03-15,0.161417328
2007-03-16,0.0
2007-03-17,0.0
2007-03-18,0.0
2007-03-19,0.0
2007-03-20,0.0
2007-03-21,0.0
2007-03-22,0.0
2007-03-23,0.0
2007-03-24,0.0
2007-03-25,0.0
2007-03-26,0.0
2007-03-27,0.0
2007-03-28,0.0
2007-03-29,0.0
2007-03-30,0.0
2007-03-31,0.338582688
2007-04-01,0.838582704
2007-04-02,0.0
2007-04-03,0.0
2007-04-04,0.03937008
2007-04-05,0.0
2007-04-06,0.0
2007-04-07,0.0
2007-04-08,0.0
2007-04-09,0.0
2007-04-10,0.141732288
2007-04-11,0.01968504
2007-04-12,0.0
2007-04-13,0.0
2007-04-14,0.358267728
2007-04-15,0.0
2007-04-16,0.0
2007-04-17,0.0
2007-04-18,0.421259856
2007-04-19,0.0
2007-04-20,0.0
2007-04-21,0.0
2007-04-22,0.0
2007-04-23,0.0
2007-04-24,0.0
2007-04-25,0.110236224
2007-04-26,0.011811024
2007-04-27,0.0
2007-04-28,0.0
2007-04-29,0.0
2007-04-30,0.0
2007-05-01,0.0
2007-05-02,0.0
2007-05-03,1.16141736
2007-05-04,0.011811024
2007-05-05,0.0
2007-05-06,0.0
2007-05-07,0.0
2007-05-08,0.0
2007-05-09,0.0
2007-05-10,0.011811024
2007-05-11,0.0
2007-05-12,0.0
2007-05-13,0.0
2007-05-14,0.070866144
2007-05-15,0.031496064000000004
2007-05-16,0.0
2007-05-17,0.0
2007-05-18,0.0
2007-05-19,0.0
2007-05-20,0.0
2007-05-21,0.0
2007-05-22,0.0
2007-05-23,0.0
2007-05-24,0.0
2007-05-25,0.0
2007-05-26,0.0
2007-05-27,0.0
2007-05-28,0.0
2007-05-29,0.0
2007-05-30,0.299212608
2007-05-31,0.0
2007-06-01,0.0
2007-06-02,0.0
2007-06-03,0.05905512
2007-06-04,0.0
2007-06-05,0.0
2007-06-06,0.0
2007-06-07,0.05905512
2007-06-08,0.0
2007-06-09,0.0
2007-06-10,0.0
2007-06-11,0.0
2007-06-12,0.0
2007-06-13,0.0
2007-06-14,0.0
2007-06-15,0.031496064000000004
2007-06-16,0.0
2007-06-17,0.0
2007-06-18,0.07874016
2007-06-19,0.070866144
2007-06-20,0.0
2007-06-21,0.0
2007-06-22,0.0
2007-06-23,0.0
2007-06-24,0.0
2007-06-25,0.0
2007-06-26,0.0
2007-06-27,0.9803149919999999
2007-06-28,0.0
2007-06-29,0.0
2007-06-30,0.0
2007-07-01,0.0
2007-07-02,0.0
2007-07-03,0.271653552
2007-07-04,0.40944883200000004
2007-07-05,0.421259856
2007-07-06,1.188976416
2007-07-07,0.9881890080000001
2007-07-08,0.0
2007-07-09,0.66929136
2007-07-10,0.0
2007-07-11,0.271653552
2007-07-12,0.318897648
2007-07-13,0.811023648
2007-07-14,0.01968504
2007-07-15,0.66929136
2007-07-16,0.0
2007-07-17,1.149606336
2007-07-18,0.0
2007-07-19,0.0
2007-07-20,0.700787424
2007-07-21,0.03937008
2007-07-22,0.011811024
2007-07-23,0.0
2007-07-24,0.05905512
2007-07-25,0.0
2007-07-26,0.070866144
2007-07-27,0.0
2007-07-28,0.0
2007-07-29,0.0
2007-07-30,0.0
2007-07-31,0.0
2007-08-01,0.0
2007-08-02,0.0
2007-08-03,0.0
2007-08-04,0.539370096
2007-08-05,0.0
2007-08-06,0.0
2007-08-07,0.0
2007-08-08,0.0
2007-08-09,0.0
2007-08-10,0.0
2007-08-11,0.0
2007-08-12,0.0
2007-08-13,0.0
2007-08-14,0.0
2007-08-15,0.70866144
2007-08-16,0.0
2007-08-17,0.0
2007-08-18,0.0
2007-08-19,0.0
2007-08-20,0.0
2007-08-21,0.0
2007-08-22,0.0
2007-08-23,0.0
2007-08-24,0.03937008
2007-08-25,0.0
2007-08-26,0.0
2007-08-27,0.011811024
2007-08-28,0.0
2007-08-29,0.0
2007-08-30,0.0984252
2007-08-31,0.0
2007-09-01,0.0
2007-09-02,0.031496064000000004
2007-09-03,0.279527568
2007-09-04,0.011811024
2007-09-05,0.09055118399999999
2007-09-06,0.011811024
2007-09-07,0.07874016
2007-09-08,0.0
2007-09-09,0.0
2007-09-10,0.0
2007-09-11,0.0
2007-09-12,0.0
2007-09-13,2.448818976
2007-09-14,0.110236224
2007-09-15,0.0
2007-09-16,0.0
2007-09-17,0.0
2007-09-18,0.0
2007-09-19,0.0
2007-09-20,0.0
2007-09-21,0.0
2007-09-22,0.208661424
2007-09-23,0.031496064000000004
2007-09-24,0.381889776
2007-09-25,0.011811024
2007-09-26,0.0
2007-09-27,0.18110236799999999
2007-09-28,0.0
2007-09-29,0.0
2007-09-30,0.0
2007-10-01,0.0
2007-10-02,0.0
2007-10-03,0.07874016
2007-10-04,0.0
2007-10-05,0.0
2007-10-06,0.0
2007-10-07,0.0
2007-10-08,0.0
2007-10-09,0.0
2007-10-10,0.0
2007-10-11,0.0
2007-10-12,0.0
2007-10-13,0.0
2007-10-14,0.0
2007-10-15,0.011811024
2007-10-16,0.0
2007-10-17,0.70866144
2007-10-18,0.01968504
2007-10-19,0.0
2007-10-20,0.0
2007-10-21,0.0
2007-10-22,0.8503937280000001
2007-10-23,0.07874016
2007-10-24,0.48818899200000004
2007-10-25,0.110236224
2007-10-26,0.0
2007-10-27,0.0
2007-10-28,0.0
2007-10-29,0.0
2007-10-30,0.0
2007-10-31,0.0
2007-11-01,0.0
2007-11-02,0.0
2007-11-03,0.0
2007-11-04,0.0
2007-11-05,0.0
2007-11-06,0.0
2007-11-07,0.0
2007-11-08,0.0
2007-11-09,0.0
2007-11-10,0.0
2007-11-11,0.0
2007-11-12,0.0
2007-11-13,0.0
2007-11-14,0.350393712
2007-11-15,0.0
2007-11-16,0.0
2007-11-17,0.0
2007-11-18,0.299212608
2007-11-19,0.0
2007-11-20,0.0
2007-11-21,0.031496064000000004
2007-11-22,0.0
2007-11-23,0.01968504
2007-11-24,0.051181104000000005
2007-11-25,1.078740192
2007-11-26,0.0
2007-11-27,0.0
2007-11-28,0.0
2007-11-29,0.0
2007-11-30,0.0
2007-12-01,0.0
2007-12-02,0.0984252
2007-12-03,0.0
2007-12-04,0.0
2007-12-05,0.0
2007-12-06,0.0
2007-12-07,0.0
2007-12-08,0.0
2007-12-09,0.0
2007-12-10,0.0
2007-12-11,0.0
2007-12-12,0.0
2007-12-13,0.09055118399999999
2007-12-14,0.0
2007-12-15,0.7598425440000001
2007-12-16,0.0
2007-12-17,0.0
2007-12-18,0.0
2007-12-19,0.0
2007-12-20,1.20078744
2007-12-21,0.0
2007-12-22,0.53149608
2007-12-23,0.0
2007-12-24,0.0
2007-12-25,0.0
2007-12-26,0.33070867200000004
2007-12-27,0.0
2007-12-28,0.299212608
2007-12-29,0.0
2007-12-30,0.011811024
2007-12-31,0.0
2008-01-01,0.0
2008-01-02,0.0
2008-01-03,0.0
2008-01-04,0.0
2008-01-05,0.0
2008-01-06,0.0
2008-01-07,0.0
2008-01-08,0.01968504
2008-01-09,0.0
2008-01-10,1.2519685440000001
2008-01-11,0.0
2008-01-12,0.0
2008-01-13,0.0
2008-01-14,0.0
2008-01-15,0.0
2008-01-16,0.141732288
2008-01-17,0.0
2008-01-18,0.0984252
2008-01-19,0.18110236799999999
2008-01-20,0.0
2008-01-21,0.0
2008-01-22,0.291338592
2008-01-23,0.0
2008-01-24,0.11811024
2008-01-25,0.291338592
2008-01-26,0.448818912
2008-01-27,0.0
2008-01-28,0.0
2008-01-29,0.66929136
2008-01-30,0.0
2008-01-31,1.2795276
2008-02-01,0.0
2008-02-02,0.0
2008-02-03,0.338582688
2008-02-04,0.01968504
2008-02-05,0.0
2008-02-06,0.220472448
2008-02-07,0.0
2008-02-08,0.0
2008-02-09,0.0
2008-02-10,0.0
2008-02-11,0.0
2008-02-12,0.46850395200000006
2008-02-13,0.0
2008-02-14,0.0
2008-02-15,0.0
2008-02-16,0.141732288
2008-02-17,0.858267744
2008-02-18,0.0
2008-02-19,0.0
2008-02-20,0.0
2008-02-21,3.161417424
2008-02-22,0.318897648
2008-02-23,0.0
2008-02-24,0.0
2008-02-25,0.0
2008-02-26,0.031496064000000004
2008-02-27,0.0
2008-02-28,0.0
2008-02-29,0.358267728
2008-03-01,0.0
2008-03-02,0.0
2008-03-03,1.429133904
2008-03-04,0.011811024
2008-03-05,0.0
2008-03-06,0.01968504
2008-03-07,0.141732288
2008-03-08,0.0
2008-03-09,0.0
2008-03-10,0.09055118399999999
2008-03-11,0.11811024
2008-03-12,0.0
2008-03-13,0.0
2008-03-14,0.0
2008-03-15,0.0
2008-03-16,0.0
2008-03-17,0.0
2008-03-18,0.0
2008-03-19,0.7519685280000001
2008-03-20,0.0
2008-03-21,0.0
2008-03-22,0.0
2008-03-23,0.0
2008-03-24,0.0
2008-03-25,0.0
2008-03-26,0.0
2008-03-27,0.0
2008-03-28,0.0
2008-03-29,0.0
2008-03-30,0.0
2008-03-31,0.0
2008-04-01,1.2401575200000001
2008-04-02,0.0
2008-04-03,0.0
2008-04-04,0.0
2008-04-05,0.0
2008-04-06,0.0
2008-04-07,0.0
2008-04-08,0.0
2008-04-09,0.0
2008-04-10,0.0
2008-04-11,0.01968504
2008-04-12,0.0
2008-04-13,0.0
2008-04-14,0.0
2008-04-15,0.0
2008-04-16,0.0
2008-04-17,0.0
2008-04-18,0.641732304
2008-04-19,0.0
2008-04-20,0.0
2008-04-21,0.0
2008-04-22,0.0
2008-04-23,0.0
2008-04-24,0.0
2008-04-25,0.0
2008-04-26,0.7913386080000001
2008-04-27,0.401574816
2008-04-28,0.0
2008-04-29,0.0
2008-04-30,0.0
2008-05-01,0.0
2008-05-02,0.0
2008-05-03,0.9094488480000001
2008-05-04,0.0
2008-05-05,0.0
2008-05-06,0.0
2008-05-07,0.0
2008-05-08,0.0
2008-05-09,0.0
2008-05-10,0.0
2008-05-11,0.05905512
2008-05-12,0.0
2008-05-13,0.031496064000000004
2008-05-14,0.11811024
2008-05-15,3.66141744
2008-05-16,0.0
2008-05-17,0.0
2008-05-18,0.0
2008-05-19,0.0
2008-05-20,0.0
2008-05-21,0.0
2008-05-22,0.960629952
2008-05-23,0.0
2008-05-24,0.0
2008-05-25,0.0
2008-05-26,0.0
2008-05-27,0.0
2008-05-28,2.51968512
2008-05-29,0.0
2008-05-30,0.0
2008-05-31,0.0
2008-06-01,0.0
2008-06-02,0.0
2008-06-03,0.0
2008-06-04,0.0
2008-06-05,0.0
2008-06-06,0.0
2008-06-07,0.0
2008-06-08,0.0
2008-06-09,0.0
2008-06-10,0.07874016
2008-06-11,0.0
2008-06-12,0.031496064000000004
2008-06-13,0.208661424
2008-06-14,0.0
2008-06-15,0.0
2008-06-16,0.0
2008-06-17,0.0
2008-06-18,0.0
2008-06-19,0.0
2008-06-20,0.01968504
2008-06-21,0.0
2008-06-22,0.0
2008-06-23,0.0
2008-06-24,0.0
2008-06-25,0.011811024
2008-06-26,0.03937008
2008-06-27,0.031496064000000004
2008-06-28,0.070866144
2008-06-29,0.011811024
2008-06-30,0.0
2008-07-01,0.0
2008-07-02,0.0
2008-07-03,0.0
2008-07-04,0.0
2008-07-05,0.0
2008-07-06,0.0
2008-07-07,0.0
2008-07-08,0.0
2008-07-09,0.051181104000000005
2008-07-10,0.51181104
2008-07-11,0.0
2008-07-12,0.0
2008-07-13,0.0
2008-07-14,0.0
2008-07-15,0.0
2008-07-16,0.0
2008-07-17,0.0
2008-07-18,0.0
2008-07-19,0.0
2008-07-20,0.0
2008-07-21,0.0
2008-07-22,0.011811024
2008-07-23,0.0
2008-07-24,0.0
2008-07-25,0.011811024
2008-07-26,0.0
2008-07-27,0.0
2008-07-28,0.0
2008-07-29,0.0
2008-07-30,0.338582688
2008-07-31,0.09055118399999999
2008-08-01,0.228346464
2008-08-02,0.740157504
2008-08-03,0.188976384
2008-08-04,0.0
2008-08-05,0.0
2008-08-06,0.0
2008-08-07,0.07874016
2008-08-08,0.0
2008-08-09,0.0
2008-08-10,0.031496064000000004
2008-08-11,1.598425248
2008-08-12,2.271653616
2008-08-13,0.0
2008-08-14,0.0
2008-08-15,0.110236224
2008-08-16,0.149606304
2008-08-17,0.9803149919999999
2008-08-18,0.0
2008-08-19,0.559055136
2008-08-20,0.9881890080000001
2008-08-21,0.0
2008-08-22,0.0
2008-08-23,0.18110236799999999
2008-08-24,1.480315008
2008-08-25,0.129921264
2008-08-26,0.0
2008-08-27,0.0
2008-08-28,0.0
2008-08-29,0.0
2008-08-30,0.0
2008-08-31,0.0
2008-09-01,0.578740176
2008-09-02,1.409448864
2008-09-03,0.429133872
2008-09-04,0.53149608
2008-09-05,0.0
2008-09-06,0.0
2008-09-07,0.0
2008-09-08,0.0
2008-09-09,0.188976384
2008-09-10,0.0
2008-09-11,0.220472448
2008-09-12,0.01968504
2008-09-13,0.0
2008-09-14,0.62992128
2008-09-15,0.0
2008-09-16,0.0
2008-09-17,0.0
2008-09-18,0.0
2008-09-19,0.299212608
2008-09-20,1.350393744
2008-09-21,0.0
2008-09-22,0.0
2008-09-23,0.0
2008-09-24,0.0
2008-09-25,0.0
2008-09-26,0.0
2008-09-27,0.0
2008-09-28,0.0
2008-09-29,0.0
2008-09-30,0.0
2008-10-01,0.0
2008-10-02,0.0
2008-10-03,0.0
2008-10-04,0.0
2008-10-05,0.0
2008-10-06,0.0
2008-10-07,0.129921264
2008-10-08,0.0
2008-10-09,0.0
2008-10-10,0.0
2008-10-11,0.0
2008-10-12,0.0
2008-10-13,0.0
2008-10-14,0.0
2008-10-15,0.0
2008-10-16,0.051181104000000005
2008-10-17,0.169291344
2008-10-18,0.0
2008-10-19,0.0
2008-10-20,0.0
2008-10-21,0.0
2008-10-22,0.0
2008-10-23,0.598425216
2008-10-24,0.110236224
2008-10-25,0.0
2008-10-26,0.0
2008-10-27,0.0
2008-10-28,0.0
2008-10-29,0.0
2008-10-30,0.0
2008-10-31,0.0
2008-11-01,0.0
2008-11-02,0.0
2008-11-03,0.0
2008-11-04,0.0
2008-11-05,0.0
2008-11-06,0.07874016
2008-11-07,0.161417328
2008-11-08,0.0
2008-11-09,0.0
2008-11-10,0.0
2008-11-11,0.31102363200000005
2008-11-12,0.208661424
2008-11-13,0.0
2008-11-14,0.338582688
2008-11-15,0.0
2008-11-16,0.0
2008-11-17,0.0
2008-11-18,0.0
2008-11-19,0.0
2008-11-20,0.0
2008-11-21,0.0
2008-11-22,0.0
2008-11-23,0.011811024
2008-11-24,0.440944896
2008-11-25,0.0
2008-11-26,0.0
2008-11-27,0.0
2008-11-28,1.79133864
2008-11-29,0.70866144
2008-11-30,0.0
2008-12-01,0.011811024
2008-12-02,0.0
2008-12-03,0.0
2008-12-04,1.118110272
2008-12-05,0.0
2008-12-06,0.0
2008-12-07,0.0
2008-12-08,0.0
2008-12-09,1.019685072
2008-12-10,1.188976416
2008-12-11,3.200787504
2008-12-12,0.0
2008-12-13,0.0
2008-12-14,0.0
2008-12-15,0.129921264
2008-12-16,0.429133872
2008-12-17,0.011811024
2008-12-18,0.070866144
2008-12-19,0.0
2008-12-20,0.0
2008-12-21,0.0
2008-12-22,0.0
2008-12-23,0.0
2008-12-24,0.07874016
2008-12-25,0.228346464
2008-12-26,0.0
2008-12-27,0.66929136
2008-12-28,0.051181104000000005
2008-12-29,0.0
2008-12-30,0.0
2008-12-31,0.0
2009-01-01,0.0
2009-01-02,0.0
2009-01-03,0.18110236799999999
2009-01-04,0.72834648
2009-01-05,0.33070867200000004
2009-01-06,1.9291339200000002
2009-01-07,0.0
2009-01-08,0.0
2009-01-09,0.0
2009-01-10,0.381889776
2009-01-11,0.0
2009-01-12,0.0
2009-01-13,0.0
2009-01-14,0.0
2009-01-15,0.0
2009-01-16,0.0
2009-01-17,0.0
2009-01-18,0.11811024
2009-01-19,0.0
2009-01-20,0.0
2009-01-21,0.0
2009-01-22,0.0
2009-01-23,0.0
2009-01-24,0.05905512
2009-01-25,0.0
2009-01-26,0.0
2009-01-27,0.0
2009-01-28,0.271653552
2009-01-29,0.0
2009-01-30,0.0
2009-01-31,0.0
2009-02-01,0.161417328
2009-02-02,0.279527568
2009-02-03,0.0
2009-02-04,0.0
2009-02-05,0.0
2009-02-06,0.0
2009-02-07,0.0
2009-02-08,0.0
2009-02-09,0.0
2009-02-10,0.0
2009-02-11,0.0984252
2009-02-12,0.0
2009-02-13,1.83070872
2009-02-14,0.01968504
2009-02-15,0.110236224
2009-02-16,0.0
2009-02-17,0.031496064000000004
2009-02-18,0.0
2009-02-19,0.0
2009-02-20,0.0
2009-02-21,0.031496064000000004
2009-02-22,0.0
2009-02-23,0.0
2009-02-24,0.0
2009-02-25,0.0
2009-02-26,0.0
2009-02-27,0.0
2009-02-28,0.299212608
2009-03-01,0.01968504
2009-03-02,0.0
2009-03-03,0.0
2009-03-04,0.0
2009-03-05,0.0
2009-03-06,0.0
2009-03-07,0.0
2009-03-08,0.0
2009-03-09,0.0
2009-03-10,0.0
2009-03-11,0.0
2009-03-12,0.0
2009-03-13,3.1181103360000004
2009-03-14,0.9094488480000001
2009-03-15,0.259842528
2009-03-16,0.051181104000000005
2009-03-17,0.0
2009-03-18,0.0
2009-03-19,0.0
2009-03-20,0.0
2009-03-21,0.0
2009-03-22,0.0
2009-03-23,0.0
2009-03-24,0.011811024
2009-03-25,2.271653616
2009-03-26,0.8307086880000001
2009-03-27,0.5905512
2009-03-28,0.051181104000000005
2009-03-29,0.0
2009-03-30,0.0
2009-03-31,0.129921264
2009-04-01,0.0
2009-04-02,0.070866144
2009-04-03,0.0
2009-04-04,0.0
2009-04-05,0.0
2009-04-06,0.0
2009-04-07,0.0
2009-04-08,0.0
2009-04-09,0.0
2009-04-10,0.0
2009-04-11,0.0
2009-04-12,1.6417323360000002
2009-04-13,0.141732288
2009-04-14,0.0
2009-04-15,0.0
2009-04-16,0.0
2009-04-17,0.031496064000000004
2009-04-18,1.4488189439999999
2009-04-19,0.18110236799999999
2009-04-20,0.0
2009-04-21,0.0
2009-04-22,0.0
2009-04-23,0.0
2009-04-24,0.0
2009-04-25,0.0
2009-04-26,0.0
2009-04-27,0.0
2009-04-28,0.0
2009-04-29,0.0
2009-04-30,0.051181104000000005
2009-05-01,0.0
2009-05-02,0.0
2009-05-03,1.370078784
2009-05-04,0.0
2009-05-05,0.031496064000000004
2009-05-06,0.460629936
2009-05-07,0.0
2009-05-08,0.0
2009-05-09,0.0
2009-05-10,1.16141736
2009-05-11,0.011811024
2009-05-12,0.0
2009-05-13,0.0
2009-05-14,0.0
2009-05-15,0.0
2009-05-16,2.1692914080000003
2009-05-17,0.519685056
2009-05-18,0.0
2009-05-19,0.0
2009-05-20,0.0
2009-05-21,0.011811024
2009-05-22,0.031496064000000004
2009-05-23,0.141732288
2009-05-24,0.05905512
2009-05-25,0.33070867200000004
2009-05-26,0.0
2009-05-27,0.0
2009-05-28,0.0
2009-05-29,0.0
2009-05-30,0.0
2009-05-31,0.0
2009-06-01,0.0
2009-06-02,0.0
2009-06-03,0.0
2009-06-04,0.448818912
2009-06-05,0.0
2009-06-06,0.0
2009-06-07,0.0
2009-06-08,0.0
2009-06-09,0.0
2009-06-10,0.0
2009-06-11,0.0
2009-06-12,0.0
2009-06-13,0.0
2009-06-14,0.0
2009-06-15,0.0
2009-06-16,0.0
2009-06-17,0.0
2009-06-18,0.0
2009-06-19,0.0
2009-06-20,0.0
2009-06-21,0.0
2009-06-22,0.0
2009-06-23,0.0
2009-06-24,0.0
2009-06-25,0.0
2009-06-26,0.0
2009-06-27,0.0
2009-06-28,0.0
2009-06-29,0.0
2009-06-30,0.0
2009-07-01,0.0
2009-07-02,0.0
2009-07-03,0.0
2009-07-04,0.0
2009-07-05,0.0
2009-07-06,1.6417323360000002
2009-07-07,0.01968504
2009-07-08,0.0
2009-07-09,0.0
2009-07-10,0.0
2009-07-11,0.0
2009-07-12,0.0
2009-07-13,0.011811024
2009-07-14,1.7204724960000002
2009-07-15,0.0
2009-07-16,1.649606352
2009-07-17,0.03937008
2009-07-18,0.0
2009-07-19,0.0
2009-07-20,0.0
2009-07-21,0.6614173440000001
2009-07-22,0.9881890080000001
2009-07-23,0.0
2009-07-24,0.0
2009-07-25,0.0
2009-07-26,0.500000016
2009-07-27,1.188976416
2009-07-28,0.07874016
2009-07-29,2.4094488960000002
2009-07-30,0.370078752
2009-07-31,0.07874016
2009-08-01,0.519685056
2009-08-02,0.0
2009-08-03,0.0
2009-08-04,0.0
2009-08-05,0.051181104000000005
2009-08-06,0.0
2009-08-07,0.0
2009-08-08,0.0
2009-08-09,0.0
2009-08-10,0.0
2009-08-11,0.05905512
2009-08-12,0.0
2009-08-13,0.0
2009-08-14,0.11811024
2009-08-15,0.0
2009-08-16,0.921259872
2009-08-17,0.0
2009-08-18,0.0
2009-08-19,0.291338592
2009-08-20,1.688976432
2009-08-21,0.09055118399999999
2009-08-22,0.0
2009-08-23,0.0
2009-08-24,0.0
2009-08-25,0.0
2009-08-26,0.0
2009-08-27,0.0
2009-08-28,0.0
2009-08-29,0.0
2009-08-30,0.011811024
2009-08-31,0.0
2009-09-01,0.0
2009-09-02,0.0
2009-09-03,0.0
2009-09-04,0.0
2009-09-05,0.01968504
2009-09-06,0.169291344
2009-09-07,0.0
2009-09-08,0.0
2009-09-09,0.0
2009-09-10,0.0
2009-09-11,0.031496064000000004
2009-09-12,0.031496064000000004
2009-09-13,0.141732288
2009-09-14,0.57086616
2009-09-15,0.03937008
2009-09-16,0.40944883200000004
2009-09-17,0.0
2009-09-18,0.401574816
2009-09-19,0.0984252
2009-09-20,0.031496064000000004
2009-09-21,0.011811024
2009-09-22,2.1692914080000003
2009-09-23,0.07874016
2009-09-24,0.011811024
2009-09-25,0.0
2009-09-26,0.0
2009-09-27,0.0
2009-09-28,0.0
2009-09-29,0.0
2009-09-30,0.0
2009-10-01,0.0
2009-10-02,1.3818898080000002
2009-10-03,0.0
2009-10-04,1.7716536
2009-10-05,0.0
2009-10-06,0.460629936
2009-10-07,0.051181104000000005
2009-10-08,0.0
2009-10-09,0.0984252
2009-10-10,0.110236224
2009-10-11,0.011811024
2009-10-12,1.551181152
2009-10-13,1.629921312
2009-10-14,0.220472448
2009-10-15,0.070866144
2009-10-16,0.0
2009-10-17,0.0
2009-10-18,0.0
2009-10-19,0.0
2009-10-20,0.0
2009-10-21,0.0
2009-10-22,0.838582704
2009-10-23,0.011811024
2009-10-24,0.0
2009-10-25,0.0
2009-10-26,0.0
2009-10-27,0.220472448
2009-10-28,0.0
2009-10-29,0.6614173440000001
2009-10-30,1.409448864
2009-10-31,0.051181104000000005
2009-11-01,0.0
2009-11-02,0.0
2009-11-03,0.0
2009-11-04,0.0
2009-11-05,0.0
2009-11-06,0.0
2009-11-07,0.0
2009-11-08,0.0
2009-11-09,0.0
2009-11-10,0.0
2009-11-11,0.0
2009-11-12,0.0
2009-11-13,0.0
2009-11-14,0.0
2009-11-15,0.0
2009-11-16,0.161417328
2009-11-17,0.0
2009-11-18,0.0
2009-11-19,0.0
2009-11-20,0.0
2009-11-21,0.228346464
2009-11-22,0.0
2009-11-23,0.0
2009-11-24,0.0
2009-11-25,0.0
2009-11-26,0.0
2009-11-27,0.0
2009-11-28,0.0
2009-11-29,0.0
2009-11-30,0.448818912
2009-12-01,0.05905512
2009-12-02,0.149606304
2009-12-03,0.0
2009-12-04,0.01968504
2009-12-05,0.0
2009-12-06,0.0
2009-12-07,0.381889776
2009-12-08,1.019685072
2009-12-09,0.05905512
2009-12-10,0.0
2009-12-11,0.0
2009-12-12,0.480314976
2009-12-13,0.011811024
2009-12-14,0.299212608
2009-12-15,0.240157488
2009-12-16,0.0
2009-12-17,0.240157488
2009-12-18,0.5905512
2009-12-19,0.0
2009-12-20,0.0
2009-12-21,0.0
2009-12-22,0.0
2009-12-23,0.03937008
2009-12-24,1.019685072
2009-12-25,0.0
2009-12-26,0.0
2009-12-27,0.0
2009-12-28,0.0
2009-12-29,0.0
2009-12-30,0.460629936
2009-12-31,0.03937008
2010-01-01,0.141732288
2010-01-02,0.0
2010-01-03,0.0
2010-01-04,0.0
2010-01-05,0.0
2010-01-06,0.0
2010-01-07,0.208661424
2010-01-08,0.0
2010-01-09,0.0
2010-01-10,0.0
2010-01-11,0.0
2010-01-12,0.0
2010-01-13,0.0
2010-01-14,0.0
2010-01-15,0.0
2010-01-16,0.9803149919999999
2010-01-17,0.0
2010-01-18,0.0
2010-01-19,0.0
2010-01-20,0.240157488
2010-01-21,1.9015748639999999
2010-01-22,0.0
2010-01-23,0.440944896
2010-01-24,0.259842528
2010-01-25,0.0
2010-01-26,0.0
2010-01-27,0.0
2010-01-28,0.0
2010-01-29,1.22047248
2010-01-30,0.0
2010-01-31,0.0
2010-02-01,0.110236224
2010-02-02,0.0
2010-02-03,0.0
2010-02-04,2.448818976
2010-02-05,0.01968504
2010-02-06,0.0
2010-02-07,0.0
2010-02-08,0.169291344
2010-02-09,0.228346464
2010-02-10,0.0
2010-02-11,0.051181104000000005
2010-02-12,0.271653552
2010-02-13,0.0
2010-02-14,0.149606304
2010-02-15,0.0
2010-02-16,0.0
2010-02-17,0.0
2010-02-18,0.0
2010-02-19,0.0
2010-02-20,0.0
2010-02-21,0.240157488
2010-02-22,0.0
2010-02-23,0.051181104000000005
2010-02-24,0.031496064000000004
2010-02-25,0.0
2010-02-26,0.0
2010-02-27,0.051181104000000005
2010-02-28,0.0
2010-03-01,0.208661424
2010-03-02,0.051181104000000005
2010-03-03,0.0
2010-03-04,0.0
2010-03-05,0.0
2010-03-06,0.0
2010-03-07,0.0
2010-03-08,0.0
2010-03-09,0.681102384
2010-03-10,0.220472448
2010-03-11,0.7795275840000001
2010-03-12,0.011811024
2010-03-13,0.0
2010-03-14,0.0
2010-03-15,0.0
2010-03-16,0.0
2010-03-17,0.0
2010-03-18,0.0
2010-03-19,0.0
2010-03-20,0.440944896
2010-03-21,0.169291344
2010-03-22,0.0
2010-03-23,0.0
2010-03-24,0.0
2010-03-25,0.578740176
2010-03-26,0.0
2010-03-27,0.0
2010-03-28,0.09055118399999999
2010-03-29,0.0
2010-03-30,0.0
2010-03-31,0.0
2010-04-01,0.0
2010-04-02,0.0
2010-04-03,0.61023624
2010-04-04,0.0
2010-04-05,0.0
2010-04-06,0.0
2010-04-07,0.03937008
2010-04-08,0.07874016
2010-04-09,0.0
2010-04-10,0.0
2010-04-11,0.0
2010-04-12,0.0
2010-04-13,0.0
2010-04-14,0.0
2010-04-15,0.0
2010-04-16,0.0
2010-04-17,0.0
2010-04-18,0.0
2010-04-19,0.0
2010-04-20,0.051181104000000005
2010-04-21,0.0
2010-04-22,0.0
2010-04-23,0.31102363200000005
2010-04-24,0.031496064000000004
2010-04-25,0.0
2010-04-26,0.011811024
2010-04-27,0.031496064000000004
2010-04-28,0.0
2010-04-29,0.0
2010-04-30,0.011811024
2010-05-01,0.31102363200000005
2010-05-02,0.7716535680000001
2010-05-03,0.0
2010-05-04,0.0
2010-05-05,0.0
2010-05-06,0.0
2010-05-07,0.0
2010-05-08,1.098425232
2010-05-09,0.0
2010-05-10,0.0
2010-05-11,0.0
2010-05-12,0.0
2010-05-13,0.0
2010-05-14,0.0
2010-05-15,0.480314976
2010-05-16,0.519685056
2010-05-17,0.011811024
2010-05-18,0.0
2010-05-19,0.0
2010-05-20,0.5905512
2010-05-21,0.0
2010-05-22,0.0
2010-05-23,0.0
2010-05-24,0.011811024
2010-05-25,0.25196851200000003
2010-05-26,0.0
2010-05-27,0.0
2010-05-28,0.070866144
2010-05-29,0.0
2010-05-30,0.0
2010-05-31,0.0
2010-06-01,0.259842528
2010-06-02,0.0
2010-06-03,0.011811024
2010-06-04,0.07874016
2010-06-05,0.149606304
2010-06-06,0.0
2010-06-07,0.0
2010-06-08,0.0
2010-06-09,0.0
2010-06-10,0.0
2010-06-11,0.0
2010-06-12,0.0
2010-06-13,0.0
2010-06-14,0.0
2010-06-15,0.61023624
2010-06-16,0.0
2010-06-17,0.0
2010-06-18,0.0
2010-06-19,0.220472448
2010-06-20,0.0
2010-06-21,0.0
2010-06-22,0.0
2010-06-23,1.110236256
2010-06-24,0.0
2010-06-25,0.318897648
2010-06-26,0.0
2010-06-27,0.0
2010-06-28,0.070866144
2010-06-29,0.208661424
2010-06-30,1.90944888
2010-07-01,0.070866144
2010-07-02,0.0
2010-07-03,0.0
2010-07-04,0.0
2010-07-05,0.51181104
2010-07-06,0.338582688
2010-07-07,0.0
2010-07-08,0.0
2010-07-09,0.0
2010-07-10,0.0
2010-07-11,0.0
2010-07-12,0.0
2010-07-13,0.0
2010-07-14,0.0
2010-07-15,0.0
2010-07-16,0.051181104000000005
2010-07-17,0.440944896
2010-07-18,0.0
2010-07-19,0.0
2010-07-20,0.0
2010-07-21,0.0
2010-07-22,0.0
2010-07-23,0.0
2010-07-24,0.208661424
2010-07-25,0.05905512
2010-07-26,0.0
2010-07-27,0.011811024
2010-07-28,0.129921264
2010-07-29,0.0
2010-07-30,0.0
2010-07-31,0.0
2010-08-01,0.07874016
2010-08-02,0.0
2010-08-03,0.0
2010-08-04,0.011811024
2010-08-05,0.578740176
2010-08-06,0.0
2010-08-07,0.0
2010-08-08,0.421259856
2010-08-09,0.0
2010-08-10,0.188976384
2010-08-11,0.0
2010-08-12,0.0
2010-08-13,0.8897638080000001
2010-08-14,0.299212608
2010-08-15,0.070866144
2010-08-16,0.0
2010-08-17,0.259842528
2010-08-18,0.169291344
2010-08-19,0.0
2010-08-20,0.0
2010-08-21,0.0
2010-08-22,0.011811024
2010-08-23,0.0
2010-08-24,0.0
2010-08-25,0.0
2010-08-26,0.0
2010-08-27,0.0
2010-08-28,0.031496064000000004
2010-08-29,0.011811024
2010-08-30,0.0
2010-08-31,0.0
2010-09-01,0.0
2010-09-02,0.0
2010-09-03,0.18110236799999999
2010-09-04,0.0
2010-09-05,0.0
2010-09-06,0.0
2010-09-07,0.0
2010-09-08,0.0
2010-09-09,0.0
2010-09-10,0.0
2010-09-11,0.0
2010-09-12,0.0
2010-09-13,0.0
2010-09-14,0.0
2010-09-15,0.0
2010-09-16,0.0
2010-09-17,0.0
2010-09-18,0.0
2010-09-19,0.0
2010-09-20,0.0
2010-09-21,0.0
2010-09-22,0.0
2010-09-23,0.0
2010-09-24,0.0
2010-09-25,0.0
2010-09-26,0.169291344
2010-09-27,0.0
2010-09-28,0.0
2010-09-29,0.0
2010-09-30,0.0
2010-10-01,0.0
2010-10-02,0.0
2010-10-03,0.0
2010-10-04,0.0
2010-10-05,0.0
2010-10-06,0.0
2010-10-07,0.0
2010-10-08,0.0
2010-10-09,0.0
2010-10-10,0.0
2010-10-11,0.0
2010-10-12,0.011811024
2010-10-13,0.0
2010-10-14,0.0
2010-10-15,0.0
2010-10-16,0.0
2010-10-17,0.0
2010-10-18,0.0
2010-10-19,0.11811024
2010-10-20,0.031496064000000004
2010-10-21,0.0
2010-10-22,0.0
2010-10-23,0.0
2010-10-24,0.07874016
2010-10-25,0.011811024
2010-10-26,0.46850395200000006
2010-10-27,1.8700788000000002
2010-10-28,0.05905512
2010-10-29,0.0
2010-10-30,0.0
2010-10-31,0.0
2010-11-01,0.011811024
2010-11-02,1.098425232
2010-11-03,0.31102363200000005
2010-11-04,0.11811024
2010-11-05,0.0
2010-11-06,0.0
2010-11-07,0.0
2010-11-08,0.0
2010-11-09,0.0
2010-11-10,0.0
2010-11-11,0.0
2010-11-12,0.0
2010-11-13,0.09055118399999999
2010-11-14,0.011811024
2010-11-15,1.421259888
2010-11-16,0.09055118399999999
2010-11-17,0.05905512
2010-11-18,0.011811024
2010-11-19,0.0
2010-11-20,0.0
2010-11-21,0.0
2010-11-22,0.0
2010-11-23,0.0
2010-11-24,0.0
2010-11-25,0.031496064000000004
2010-11-26,0.500000016
2010-11-27,0.0
2010-11-28,0.0
2010-11-29,1.370078784
2010-11-30,0.7204724640000001
2010-12-01,0.0
2010-12-02,0.0
2010-12-03,0.0
2010-12-04,0.0
2010-12-05,0.0
2010-12-06,0.0
2010-12-07,0.0
2010-12-08,0.0
2010-12-09,0.0
2010-12-10,0.0
2010-12-11,0.740157504
2010-12-12,0.0
2010-12-13,0.0
2010-12-14,0.0
2010-12-15,0.0
2010-12-16,0.031496064000000004
2010-12-17,0.0
2010-12-18,0.0
2010-12-19,0.0
2010-12-20,0.0
2010-12-21,0.0
2010-12-22,0.0
2010-12-23,0.0
2010-12-24,0.0
2010-12-25,0.09055118399999999
2010-12-26,0.0
2010-12-27,0.0
2010-12-28,0.0
2010-12-29,0.129921264
2010-12-30,0.05905512
2010-12-31,2.4881890560000004
2011-01-01,0.48818899200000004
2011-01-02,0.0
2011-01-03,0.0
2011-01-04,0.0
2011-01-05,0.448818912
2011-01-06,0.0
2011-01-07,0.0
2011-01-08,0.0
2011-01-09,0.31102363200000005
2011-01-10,0.011811024
2011-01-11,0.0
2011-01-12,0.0
2011-01-13,0.0
2011-01-14,0.0
2011-01-15,0.0
2011-01-16,0.350393712
2011-01-17,0.01968504
2011-01-18,0.0984252
2011-01-19,0.0
2011-01-20,0.129921264
2011-01-21,0.0
2011-01-22,0.0
2011-01-23,0.0
2011-01-24,0.53149608
2011-01-25,1.2795276
2011-01-26,0.0
2011-01-27,0.0
2011-01-28,0.0
2011-01-29,0.0
2011-01-30,1.5000000480000002
2011-01-31,0.011811024
2011-02-01,0.31102363200000005
2011-02-02,0.0
2011-02-03,0.01968504
2011-02-04,0.31102363200000005
2011-02-05,0.0
2011-02-06,0.0
2011-02-07,0.161417328
2011-02-08,0.0
2011-02-09,0.291338592
2011-02-10,0.0
2011-02-11,0.0
2011-02-12,0.0
2011-02-13,0.0
2011-02-14,0.0
2011-02-15,0.0
2011-02-16,0.0
2011-02-17,0.0
2011-02-18,0.0
2011-02-19,0.0
2011-02-20,0.0
2011-02-21,0.0
2011-02-22,0.0
2011-02-23,0.0
2011-02-24,0.5511811200000001
2011-02-25,0.011811024
2011-02-26,0.0
2011-02-27,0.0
2011-02-28,0.0
2011-03-01,0.0
2011-03-02,0.0
2011-03-03,0.0
2011-03-04,0.279527568
2011-03-05,1.570866192
2011-03-06,0.0
2011-03-07,0.0
2011-03-08,1.4409449280000002
2011-03-09,0.7598425440000001
2011-03-10,0.0
2011-03-11,0.0
2011-03-12,0.0
2011-03-13,0.0
2011-03-14,0.5511811200000001
2011-03-15,0.0
2011-03-16,0.0
2011-03-17,0.0
2011-03-18,0.0
2011-03-19,0.0
2011-03-20,0.0
2011-03-21,0.0
2011-03-22,0.0
2011-03-23,0.0
2011-03-24,0.0
2011-03-25,0.0
2011-03-26,0.0
2011-03-27,0.881889792
2011-03-28,0.0
2011-03-29,1.149606336
2011-03-30,0.350393712
2011-03-31,0.0
2011-04-01,0.110236224
2011-04-02,0.01968504
2011-04-03,0.0
2011-04-04,0.110236224
2011-04-05,0.0
2011-04-06,0.0
2011-04-07,0.0
2011-04-08,0.0
2011-04-09,0.0
2011-04-10,0.0
2011-04-11,0.031496064000000004
2011-04-12,0.0
2011-04-13,0.0
2011-04-14,0.0
2011-04-15,0.051181104000000005
2011-04-16,0.0
2011-04-17,0.0
2011-04-18,0.0
2011-04-19,0.0
2011-04-20,0.0
2011-04-21,1.5196850880000001
2011-04-22,0.0
2011-04-23,0.0
2011-04-24,0.0
2011-04-25,0.0
2011-04-26,0.208661424
2011-04-27,0.968503968
2011-04-28,0.0
2011-04-29,0.0
2011-04-30,0.0
2011-05-01,0.0
2011-05-02,0.129921264
2011-05-03,0.8897638080000001
2011-05-04,0.0
2011-05-05,0.0
2011-05-06,0.0
2011-05-07,0.0
2011-05-08,0.0
2011-05-09,0.0
2011-05-10,0.0
2011-05-11,0.0
2011-05-12,0.0
2011-05-13,0.0
2011-05-14,0.0
2011-05-15,0.0
2011-05-16,0.0
2011-05-17,0.0
2011-05-18,0.0
2011-05-19,0.0
2011-05-20,0.0
2011-05-21,0.141732288
2011-05-22,0.0
2011-05-23,0.0
2011-05-24,0.0
2011-05-25,0.0
2011-05-26,0.051181104000000005
2011-05-27,0.0
2011-05-28,0.0
2011-05-29,0.0
2011-05-30,0.0
2011-05-31,0.0
2011-06-01,0.0
2011-06-02,0.0
2011-06-03,0.0
2011-06-04,0.0
2011-06-05,0.0
2011-06-06,0.0
2011-06-07,0.8307086880000001
2011-06-08,0.0
2011-06-09,0.0
2011-06-10,0.0
2011-06-11,0.0
2011-06-12,0.0
2011-06-13,0.0
2011-06-14,0.0
2011-06-15,0.0
2011-06-16,0.0
2011-06-17,0.0
2011-06-18,0.0
2011-06-19,0.0
2011-06-20,0.169291344
2011-06-21,0.350393712
2011-06-22,1.039370112
2011-06-23,0.0
2011-06-24,0.0
2011-06-25,0.0
2011-06-26,0.0
2011-06-27,0.0
2011-06-28,0.0
2011-06-29,0.0
2011-06-30,0.0
2011-07-01,0.0
2011-07-02,0.0
2011-07-03,0.0984252
2011-07-04,0.0
2011-07-05,0.0
2011-07-06,0.0
2011-07-07,0.0
2011-07-08,0.0
2011-07-09,0.0
2011-07-10,0.011811024
2011-07-11,0.11811024
2011-07-12,1.039370112
2011-07-13,0.011811024
2011-07-14,0.6889764
2011-07-15,0.0984252
2011-07-16,0.0
2011-07-17,0.0
2011-07-18,0.0
2011-07-19,0.0
2011-07-20,0.0
2011-07-21,0.0
2011-07-22,0.0
2011-07-23,0.740157504
2011-07-24,0.8188976640000001
2011-07-25,0.18110236799999999
2011-07-26,0.011811024
2011-07-27,0.011811024
2011-07-28,0.0
2011-07-29,0.011811024
2011-07-30,0.0
2011-07-31,0.011811024
2011-08-01,0.0
2011-08-02,0.0
2011-08-03,0.0
2011-08-04,0.0
2011-08-05,0.011811024
2011-08-06,0.271653552
2011-08-07,0.0
2011-08-08,0.0
2011-08-09,0.0
2011-08-10,0.0
2011-08-11,0.051181104000000005
2011-08-12,0.0
2011-08-13,0.0
2011-08-14,0.0
2011-08-15,0.0
2011-08-16,0.0
2011-08-17,0.149606304
2011-08-18,0.480314976
2011-08-19,0.0
2011-08-20,0.0
2011-08-21,0.0
2011-08-22,0.03937008
2011-08-23,0.0
2011-08-24,0.0
2011-08-25,0.0
2011-08-26,0.0
2011-08-27,0.0
2011-08-28,0.0
2011-08-29,0.0
2011-08-30,0.0
2011-08-31,0.0
2011-09-01,0.0
2011-09-02,0.0
2011-09-03,0.240157488
2011-09-04,3.751968624
2011-09-05,4.161417456000001
2011-09-06,0.0
2011-09-07,0.0
2011-09-08,0.0
2011-09-09,0.0
2011-09-10,0.0
2011-09-11,0.0
2011-09-12,0.0
2011-09-13,0.0
2011-09-14,0.0
2011-09-15,0.0
2011-09-16,0.0
2011-09-17,0.0
2011-09-18,0.0
2011-09-19,0.141732288
2011-09-20,0.0
2011-09-21,0.0
2011-09-22,0.0
2011-09-23,0.07874016
2011-09-24,0.0
2011-09-25,0.0
2011-09-26,0.25196851200000003
2011-09-27,1.5000000480000002
2011-09-28,0.149606304
2011-09-29,0.0
2011-09-30,0.0
2011-10-01,0.0
2011-10-02,0.0
2011-10-03,0.0
2011-10-04,0.0
2011-10-05,0.0
2011-10-06,0.0
2011-10-07,0.0
2011-10-08,0.0
2011-10-09,0.0
2011-10-10,0.0
2011-10-11,0.0
2011-10-12,0.618110256
2011-10-13,0.0
2011-10-14,0.0
2011-10-15,0.0
2011-10-16,0.0
2011-10-17,0.0
2011-10-18,0.0
2011-10-19,0.0
2011-10-20,0.0
2011-10-21,0.0
2011-10-22,0.0
2011-10-23,0.0
2011-10-24,0.0
2011-10-25,0.0
2011-10-26,0.0
2011-10-27,0.0
2011-10-28,0.25196851200000003
2011-10-29,0.0
2011-10-30,0.0
2011-10-31,0.0
2011-11-01,0.0
2011-11-02,0.0
2011-11-03,0.220472448
2011-11-04,0.0
2011-11-05,0.0
2011-11-06,0.0
2011-11-07,0.0
2011-11-08,0.0
2011-11-09,0.200787408
2011-11-10,0.0
2011-11-11,0.0
2011-11-12,0.0
2011-11-13,0.0
2011-11-14,0.0
2011-11-15,0.149606304
2011-11-16,0.279527568
2011-11-17,0.0
2011-11-18,0.0
2011-11-19,0.0
2011-11-20,0.0
2011-11-21,0.0
2011-11-22,0.9291338880000001
2011-11-23,0.0
2011-11-24,0.0
2011-11-25,0.0
2011-11-26,1.5787402080000001
2011-11-27,0.271653552
2011-11-28,0.09055118399999999
2011-11-29,0.0
2011-11-30,0.0
2011-12-01,0.0
2011-12-02,0.0
2011-12-03,0.0
2011-12-04,0.0
2011-12-05,0.421259856
2011-12-06,0.05905512
2011-12-07,0.011811024
2011-12-08,0.0
2011-12-09,0.0
2011-12-10,0.0
2011-12-11,0.0
2011-12-12,0.0
2011-12-13,0.0
2011-12-14,0.0
2011-12-15,0.318897648
2011-12-16,1.070866176
2011-12-17,0.0
2011-12-18,0.0
2011-12-19,0.0
2011-12-20,0.291338592
2011-12-21,0.011811024
2011-12-22,0.539370096
2011-12-23,0.0
2011-12-24,0.05905512
2011-12-25,1.000000032
2011-12-26,1.681102416
2011-12-27,0.011811024
2011-12-28,0.0
2011-12-29,0.0
2011-12-30,0.0
2011-12-31,0.0
2012-01-01,0.011811024
2012-01-02,0.0
2012-01-03,0.0
2012-01-04,0.0
2012-01-05,0.0
2012-01-06,0.0
2012-01-07,0.149606304
2012-01-08,0.161417328
2012-01-09,0.09055118399999999
2012-01-10,0.480314976
2012-01-11,0.0
2012-01-12,0.0
2012-01-13,0.0
2012-01-14,0.0
2012-01-15,0.0
2012-01-16,0.0
2012-01-17,0.7598425440000001
2012-01-18,0.0
2012-01-19,0.0
2012-01-20,0.011811024
2012-01-21,0.240157488
2012-01-22,0.0
2012-01-23,0.0
2012-01-24,0.0
2012-01-25,0.559055136
2012-01-26,0.6889764
2012-01-27,0.0
2012-01-28,0.0
2012-01-29,0.0
2012-01-30,0.0
2012-01-31,0.0
2012-02-01,0.539370096
2012-02-02,0.0
2012-02-03,2.728346544
2012-02-04,0.7716535680000001
2012-02-05,0.0
2012-02-06,0.0
2012-02-07,0.0
2012-02-08,0.0
2012-02-09,0.0
2012-02-10,0.220472448
2012-02-11,0.0
2012-02-12,0.0
2012-02-13,0.7716535680000001
2012-02-14,0.0
2012-02-15,0.960629952
2012-02-16,0.011811024
2012-02-17,0.0
2012-02-18,1.570866192
2012-02-19,0.291338592
2012-02-20,0.0
2012-02-21,0.0
2012-02-22,0.0
2012-02-23,0.0
2012-02-24,0.0
2012-02-25,0.0
2012-02-26,0.0
2012-02-27,0.0
2012-02-28,0.169291344
2012-02-29,0.0
2012-03-01,0.031496064000000004
2012-03-02,0.881889792
2012-03-03,0.0
2012-03-04,0.0
2012-03-05,0.0
2012-03-06,0.0
2012-03-07,0.0
2012-03-08,0.881889792
2012-03-09,1.169291376
2012-03-10,0.0
2012-03-11,0.070866144
2012-03-12,0.011811024
2012-03-13,0.0
2012-03-14,0.0
2012-03-15,0.0
2012-03-16,0.0
2012-03-17,0.0
2012-03-18,0.0
2012-03-19,0.0
2012-03-20,0.011811024
2012-03-21,2.5984252800000003
2012-03-22,0.5905512
2012-03-23,0.0
2012-03-24,0.0
2012-03-25,0.0
2012-03-26,0.0
2012-03-27,0.0
2012-03-28,0.0
2012-03-29,0.0
2012-03-30,0.25196851200000003
2012-03-31,0.0
2012-04-01,0.0
2012-04-02,1.059055152
2012-04-03,0.291338592
2012-04-04,0.31102363200000005
2012-04-05,0.18110236799999999
2012-04-06,0.0
2012-04-07,0.0
2012-04-08,0.0
2012-04-09,0.0
2012-04-10,0.0
2012-04-11,0.0
2012-04-12,0.0
2012-04-13,0.0
2012-04-14,0.0
2012-04-15,0.0
2012-04-16,0.350393712
2012-04-17,2.40157488
2012-04-18,0.0
2012-04-19,0.0
2012-04-20,0.0
2012-04-21,0.0
2012-04-22,0.0
2012-04-23,0.0
2012-04-24,0.0
2012-04-25,0.0
2012-04-26,0.0
2012-04-27,0.0
2012-04-28,0.0
2012-04-29,0.0
2012-04-30,0.0
2012-05-01,0.0
2012-05-02,2.8897638720000005
2012-05-03,0.0
2012-05-04,0.0
2012-05-05,0.0
2012-05-06,0.0
2012-05-07,0.011811024
2012-05-08,0.291338592
2012-05-09,0.01968504
2012-05-10,0.0
2012-05-11,0.03937008
2012-05-12,1.6614173760000002
2012-05-13,0.03937008
2012-05-14,0.0
2012-05-15,0.0
2012-05-16,0.0
2012-05-17,0.0
2012-05-18,0.0
2012-05-19,0.0
2012-05-20,0.0
2012-05-21,0.188976384
2012-05-22,0.0
2012-05-23,0.0
2012-05-24,0.0
2012-05-25,0.0
2012-05-26,0.0
2012-05-27,0.0
2012-05-28,0.0
2012-05-29,0.0
2012-05-30,0.38976379200000005
2012-05-31,1.7204724960000002
2012-06-01,0.0
2012-06-02,0.0
2012-06-03,0.0
2012-06-04,0.0
2012-06-05,0.799212624
2012-06-06,0.0
2012-06-07,0.0
2012-06-08,0.0
2012-06-09,0.09055118399999999
2012-06-10,0.0
2012-06-11,1.2519685440000001
2012-06-12,0.460629936
2012-06-13,0.0
2012-06-14,0.0
2012-06-15,0.429133872
2012-06-16,0.0
2012-06-17,0.0
2012-06-18,0.0
2012-06-19,0.0
2012-06-20,0.0
2012-06-21,0.0
2012-06-22,0.0
2012-06-23,0.0
2012-06-24,0.0
2012-06-25,0.0
2012-06-26,0.0
2012-06-27,0.0
2012-06-28,0.0
2012-06-29,0.0
2012-06-30,0.0
2012-07-01,0.0
2012-07-02,0.0
2012-07-03,0.0
2012-07-04,0.66929136
2012-07-05,0.0
2012-07-06,0.011811024
2012-07-07,0.0
2012-07-08,0.03937008
2012-07-09,0.01968504
2012-07-10,0.0984252
2012-07-11,0.200787408
2012-07-12,1.118110272
2012-07-13,0.598425216
2012-07-14,0.279527568
2012-07-15,0.07874016
2012-07-16,0.0
2012-07-17,0.0
2012-07-18,0.350393712
2012-07-19,0.7795275840000001
2012-07-20,0.0
2012-07-21,0.129921264
2012-07-22,0.0
2012-07-23,0.0
2012-07-24,0.0
2012-07-25,0.0
2012-07-26,0.0
2012-07-27,0.279527568
2012-07-28,0.0
2012-07-29,0.0
2012-07-30,0.0
2012-07-31,0.0
2012-08-01,0.0
2012-08-02,0.0
2012-08-03,0.0
2012-08-04,0.031496064000000004
2012-08-05,0.0
2012-08-06,0.11811024
2012-08-07,0.0
2012-08-08,0.09055118399999999
2012-08-09,0.07874016
2012-08-10,0.141732288
2012-08-11,0.0
2012-08-12,0.0
2012-08-13,0.0
2012-08-14,0.0
2012-08-15,0.0
2012-08-16,0.0
2012-08-17,0.6889764
2012-08-18,0.149606304
2012-08-19,0.05905512
2012-08-20,0.0
2012-08-21,0.0
2012-08-22,0.0
2012-08-23,0.0
2012-08-24,0.200787408
2012-08-25,0.48818899200000004
2012-08-26,0.0
2012-08-27,0.0
2012-08-28,0.011811024
2012-08-29,1.5787402080000001
2012-08-30,2.4881890560000004
2012-08-31,0.011811024
2012-09-01,0.07874016
2012-09-02,0.0
2012-09-03,0.0
2012-09-04,0.0
2012-09-05,0.0
2012-09-06,0.0
2012-09-07,0.0
2012-09-08,0.0
2012-09-09,0.0
2012-09-10,0.0
2012-09-11,0.0
2012-09-12,0.0
2012-09-13,0.0
2012-09-14,0.0
2012-09-15,0.0
2012-09-16,0.0
2012-09-17,0.480314976
2012-09-18,1.098425232
2012-09-19,0.0
2012-09-20,0.0
2012-09-21,0.0
2012-09-22,0.0
2012-09-23,0.0
2012-09-24,0.0
2012-09-25,0.0
2012-09-26,0.0
2012-09-27,0.0
2012-09-28,0.0
2012-09-29,1.169291376
2012-09-30,1.4409449280000002
2012-10-01,0.129921264
2012-10-02,0.0
2012-10-03,0.0
2012-10-04,0.0
2012-10-05,0.0
2012-10-06,0.0
2012-10-07,0.0
2012-10-08,0.0
2012-10-09,0.0
2012-10-10,0.0
2012-10-11,0.0
2012-10-12,0.0
2012-10-13,0.0
2012-10-14,0.0
2012-10-15,0.0
2012-10-16,0.0
2012-10-17,0.05905512
2012-10-18,0.7913386080000001
2012-10-19,0.0
2012-10-20,0.0
2012-10-21,0.0
2012-10-22,0.0
2012-10-23,0.0
2012-10-24,0.0
2012-10-25,0.0
2012-10-26,0.0
2012-10-27,0.0
2012-10-28,0.0
2012-10-29,0.0
2012-10-30,0.0
2012-10-31,0.0
2012-11-01,0.0
2012-11-02,0.0
2012-11-03,0.0
2012-11-04,0.40944883200000004
2012-11-05,0.299212608
2012-11-06,0.0
2012-11-07,0.0
2012-11-08,0.0
2012-11-09,0.0
2012-11-10,0.0
2012-11-11,0.031496064000000004
2012-11-12,1.070866176
2012-11-13,0.0
2012-11-14,0.0
2012-11-15,0.0
2012-11-16,0.0
2012-11-17,0.0
2012-11-18,0.0
2012-11-19,0.0
2012-11-20,0.0
2012-11-21,0.0
2012-11-22,0.0
2012-11-23,0.0
2012-11-24,0.0
2012-11-25,0.0
2012-11-26,0.448818912
2012-11-27,0.7795275840000001
2012-11-28,0.0
2012-11-29,0.0
2012-11-30,0.0
2012-12-01,0.0
2012-12-02,0.0
2012-12-03,0.0
2012-12-04,0.7795275840000001
2012-12-05,0.051181104000000005
2012-12-06,0.0
2012-12-07,0.0
2012-12-08,0.0
2012-12-09,0.0
2012-12-10,1.2519685440000001
2012-12-11,0.0
2012-12-12,0.0
2012-12-13,0.0
2012-12-14,0.0
2012-12-15,0.0
2012-12-16,1.511811072
2012-12-17,0.0
2012-12-18,0.0
2012-12-19,0.0
2012-12-20,0.09055118399999999
2012-12-21,0.0
2012-12-22,0.0
2012-12-23,0.070866144
2012-12-24,0.0
2012-12-25,3.531496176
2012-12-26,0.0
2012-12-27,0.0
2012-12-28,0.811023648
2012-12-29,0.0
2012-12-30,0.0
2012-12-31,0.0
2013-01-01,1.629921312
2013-01-02,0.0
2013-01-03,0.0
2013-01-04,0.0
2013-01-05,0.161417328
2013-01-06,0.03937008
2013-01-07,0.0
2013-01-08,0.05905512
2013-01-09,0.279527568
2013-01-10,0.9803149919999999
2013-01-11,0.051181104000000005
2013-01-12,0.011811024
2013-01-13,1.031496096
2013-01-14,1.669291392
2013-01-15,1.22047248
2013-01-16,0.460629936
2013-01-17,0.0984252
2013-01-18,0.0
2013-01-19,0.0
2013-01-20,0.0
2013-01-21,0.0
2013-01-22,0.0
2013-01-23,0.0
2013-01-24,0.0
2013-01-25,0.0
2013-01-26,0.0
2013-01-27,0.0
2013-01-28,0.0
2013-01-29,0.0
2013-01-30,0.61023624
2013-01-31,0.0
2013-02-01,0.0
2013-02-02,0.0
2013-02-03,0.0
2013-02-04,0.0
2013-02-05,0.0
2013-02-06,0.208661424
2013-02-07,0.0
2013-02-08,0.0
2013-02-09,0.0
2013-02-10,3.240157584
2013-02-11,0.5905512
2013-02-12,1.169291376
2013-02-13,0.0
2013-02-14,0.0
2013-02-15,0.0
2013-02-16,0.0
2013-02-17,0.0
2013-02-18,0.51181104
2013-02-19,0.031496064000000004
2013-02-20,0.0
2013-02-21,2.031496128
2013-02-22,0.259842528
2013-02-23,0.0
2013-02-24,0.0
2013-02-25,0.429133872
2013-02-26,0.0
2013-02-27,0.0
2013-02-28,0.0
2013-03-01,0.0
2013-03-02,0.0
2013-03-03,0.0
2013-03-04,0.0
2013-03-05,0.01968504
2013-03-06,0.0
2013-03-07,0.0
2013-03-08,0.0
2013-03-09,0.0
2013-03-10,2.070866208
2013-03-11,0.318897648
2013-03-12,0.0
2013-03-13,0.0
2013-03-14,0.0
2013-03-15,0.0
2013-03-16,0.0
2013-03-17,0.0
2013-03-18,0.40944883200000004
2013-03-19,0.0
2013-03-20,0.0
2013-03-21,0.0
2013-03-22,0.5905512
2013-03-23,0.299212608
2013-03-24,0.011811024
2013-03-25,0.0
2013-03-26,0.0
2013-03-27,0.0
2013-03-28,0.0
2013-03-29,0.0
2013-03-30,0.03937008
2013-03-31,0.350393712
2013-04-01,0.0
2013-04-02,0.0
2013-04-03,0.460629936
2013-04-04,0.011811024
2013-04-05,0.0
2013-04-06,0.0
2013-04-07,0.0
2013-04-08,0.0
2013-04-09,0.011811024
2013-04-10,0.0
2013-04-11,1.511811072
2013-04-12,0.0
2013-04-13,0.0
2013-04-14,0.9094488480000001
2013-04-15,0.0
2013-04-16,0.0
2013-04-17,0.0
2013-04-18,0.9881890080000001
2013-04-19,0.031496064000000004
2013-04-20,0.0
2013-04-21,0.0
2013-04-22,0.0
2013-04-23,0.0
2013-04-24,0.7204724640000001
2013-04-25,0.0
2013-04-26,0.0
2013-04-27,0.0
2013-04-28,0.18110236799999999
2013-04-29,0.0
2013-04-30,0.07874016
2013-05-01,1.011811056
2013-05-02,0.370078752
2013-05-03,1.22047248
2013-05-04,0.011811024
2013-05-05,0.0
2013-05-06,0.011811024
2013-05-07,0.0
2013-05-08,0.0
2013-05-09,0.0
2013-05-10,1.5196850880000001
2013-05-11,0.0
2013-05-12,0.0
2013-05-13,0.0
2013-05-14,0.0
2013-05-15,0.0
2013-05-16,0.0
2013-05-17,0.0
2013-05-18,0.0
2013-05-19,0.0
2013-05-20,0.0
2013-05-21,0.141732288
2013-05-22,0.539370096
2013-05-23,0.0
2013-05-24,0.0
2013-05-25,0.0
2013-05-26,0.0
2013-05-27,0.0
2013-05-28,0.0
2013-05-29,0.070866144
2013-05-30,0.228346464
2013-05-31,0.0
2013-06-01,0.500000016
2013-06-02,0.358267728
2013-06-03,0.0
2013-06-04,0.0
2013-06-05,0.0
2013-06-06,0.220472448
2013-06-07,0.051181104000000005
2013-06-08,0.149606304
2013-06-09,1.480315008
2013-06-10,0.0
2013-06-11,0.0
2013-06-12,0.0
2013-06-13,0.0
2013-06-14,0.0
2013-06-15,0.0
2013-06-16,0.0
2013-06-17,0.0
2013-06-18,0.401574816
2013-06-19,0.01968504
2013-06-20,0.0
2013-06-21,0.0
2013-06-22,0.70866144
2013-06-23,0.01968504
2013-06-24,0.129921264
2013-06-25,0.0
2013-06-26,0.0
2013-06-27,0.0
2013-06-28,0.25196851200000003
2013-06-29,0.0
2013-06-30,0.0
2013-07-01,0.0
2013-07-02,0.0
2013-07-03,0.0
2013-07-04,0.0
2013-07-05,0.5511811200000001
2013-07-06,0.011811024
2013-07-07,0.0
2013-07-08,0.0
2013-07-09,0.0
2013-07-10,0.0
2013-07-11,1.059055152
2013-07-12,0.0
2013-07-13,0.0
2013-07-14,0.358267728
2013-07-15,0.0
2013-07-16,0.0
2013-07-17,0.0
2013-07-18,0.240157488
2013-07-19,0.0
2013-07-20,0.0
2013-07-21,0.01968504
2013-07-22,0.0
2013-07-23,0.0
2013-07-24,0.031496064000000004
2013-07-25,0.0
2013-07-26,0.0
2013-07-27,1.551181152
2013-07-28,0.0
2013-07-29,0.0
2013-07-30,0.0
2013-07-31,0.0
2013-08-01,0.0
2013-08-02,0.0
2013-08-03,0.0
2013-08-04,0.0
2013-08-05,0.11811024
2013-08-06,0.0
2013-08-07,0.0
2013-08-08,0.0
2013-08-09,0.6889764
2013-08-10,0.7795275840000001
2013-08-11,0.01968504
2013-08-12,0.0
2013-08-13,0.259842528
2013-08-14,0.05905512
2013-08-15,0.0
2013-08-16,0.0
2013-08-17,0.0
2013-08-18,0.0
2013-08-19,0.0
2013-08-20,0.0
2013-08-21,0.0
2013-08-22,0.259842528
2013-08-23,0.0
2013-08-24,0.338582688
2013-08-25,0.0
2013-08-26,0.0
2013-08-27,0.0
2013-08-28,0.0
2013-08-29,0.0
2013-08-30,0.0
2013-08-31,0.0
2013-09-01,0.0
2013-09-02,0.011811024
2013-09-03,0.0
2013-09-04,0.0
2013-09-05,0.0
2013-09-06,0.0
2013-09-07,0.0
2013-09-08,0.0
2013-09-09,0.0
2013-09-10,0.031496064000000004
2013-09-11,0.0
2013-09-12,0.0
2013-09-13,0.0984252
2013-09-14,0.0
2013-09-15,0.0
2013-09-16,0.0
2013-09-17,0.0
2013-09-18,0.0
2013-09-19,0.0
2013-09-20,1.1811024
2013-09-21,2.901574896
2013-09-22,0.0
2013-09-23,0.0
2013-09-24,2.38188984
2013-09-25,0.0
2013-09-26,0.0
2013-09-27,0.0
2013-09-28,0.0
2013-09-29,0.0
2013-09-30,0.0
2013-10-01,0.0
2013-10-02,0.051181104000000005
2013-10-03,0.0
2013-10-04,0.0
2013-10-05,0.05905512
2013-10-06,0.05905512
2013-10-07,0.0
2013-10-08,0.0
2013-10-09,0.0
2013-10-10,0.0
2013-10-11,0.0
2013-10-12,0.01968504
2013-10-13,0.0
2013-10-14,0.0
2013-10-15,0.0
2013-10-16,0.370078752
2013-10-17,0.03937008
2013-10-18,0.0
2013-10-19,0.011811024
2013-10-20,0.0
2013-10-21,0.0
2013-10-22,0.0
2013-10-23,0.0
2013-10-24,0.0
2013-10-25,0.0
2013-10-26,0.0
2013-10-27,0.11811024
2013-10-28,0.169291344
2013-10-29,0.0
2013-10-30,0.0
2013-10-31,1.7007874560000003
2013-11-01,0.0
2013-11-02,0.0
2013-11-03,0.0
2013-11-04,0.0
2013-11-05,0.0
2013-11-06,0.051181104000000005
2013-11-07,0.0
2013-11-08,0.0
2013-11-09,0.0
2013-11-10,0.0
2013-11-11,0.0
2013-11-12,0.0
2013-11-13,0.0
2013-11-14,0.0
2013-11-15,0.05905512
2013-11-16,0.0
2013-11-17,0.0
2013-11-18,0.051181104000000005
2013-11-19,0.0
2013-11-20,0.0
2013-11-21,0.0
2013-11-22,1.110236256
2013-11-23,0.401574816
2013-11-24,0.0
2013-11-25,3.72047256
2013-11-26,0.8503937280000001
2013-11-27,0.0
2013-11-28,0.0
2013-11-29,0.0
2013-11-30,0.0
2013-12-01,0.0
2013-12-02,0.0
2013-12-03,0.0
2013-12-04,0.0
2013-12-05,0.0
2013-12-06,0.228346464
2013-12-07,0.0
2013-12-08,0.48818899200000004
2013-12-09,0.240157488
2013-12-10,0.0
2013-12-11,0.0
2013-12-12,0.0
2013-12-13,0.110236224
2013-12-14,0.358267728
2013-12-15,0.0
2013-12-16,0.0
2013-12-17,0.0
2013-12-18,0.0
2013-12-19,0.0
2013-12-20,0.0
2013-12-21,1.429133904
2013-12-22,0.110236224
2013-12-23,0.0
2013-12-24,0.0
2013-12-25,0.0
2013-12-26,0.0
2013-12-27,0.0
2013-12-28,0.811023648
2013-12-29,0.0
2013-12-30,0.0
2013-12-31,0.0
2014-01-01,0.149606304
2014-01-02,0.421259856
2014-01-03,0.0
2014-01-04,0.0
2014-01-05,0.149606304
2014-01-06,0.0
2014-01-07,0.0
2014-01-08,0.0
2014-01-09,0.0
2014-01-10,0.149606304
2014-01-11,0.350393712
2014-01-12,0.0
2014-01-13,0.500000016
2014-01-14,0.0
2014-01-15,0.0
2014-01-16,0.0
2014-01-17,0.0
2014-01-18,0.0
2014-01-19,0.0
2014-01-20,0.0
2014-01-21,0.0
2014-01-22,0.0
2014-01-23,0.0
2014-01-24,0.0
2014-01-25,0.0
2014-01-26,0.0
2014-01-27,0.0
2014-01-28,0.011811024
2014-01-29,0.0
2014-01-30,0.0
2014-01-31,0.0
2014-02-01,0.0
2014-02-02,1.4409449280000002
2014-02-03,0.051181104000000005
2014-02-04,0.370078752
2014-02-05,0.0
2014-02-06,0.0
2014-02-07,0.0
2014-02-08,0.070866144
2014-02-09,0.0
2014-02-10,0.33070867200000004
2014-02-11,0.57086616
2014-02-12,0.141732288
2014-02-13,0.0
2014-02-14,0.0984252
2014-02-15,0.0
2014-02-16,0.0
2014-02-17,0.0
2014-02-18,0.0
2014-02-19,0.0
2014-02-20,0.7204724640000001
2014-02-21,0.011811024
2014-02-22,0.0
2014-02-23,0.0
2014-02-24,0.0
2014-02-25,0.07874016
2014-02-26,0.149606304
2014-02-27,0.0
2014-02-28,0.0
2014-03-01,0.0
2014-03-02,0.110236224
2014-03-03,0.18110236799999999
2014-03-04,0.0
2014-03-05,0.011811024
2014-03-06,0.51181104
2014-03-07,0.0
2014-03-08,0.0
2014-03-09,0.0
2014-03-10,0.0
2014-03-11,0.57086616
2014-03-12,0.0
2014-03-13,0.0
2014-03-14,0.0
2014-03-15,0.48818899200000004
2014-03-16,0.559055136
2014-03-17,0.0
2014-03-18,0.0
2014-03-19,0.0
2014-03-20,0.0
2014-03-21,0.0
2014-03-22,0.0
2014-03-23,0.051181104000000005
2014-03-24,0.0
2014-03-25,0.0
2014-03-26,0.0
2014-03-27,1.078740192
2014-03-28,1.9015748639999999
2014-03-29,0.11811024
2014-03-30,0.0
2014-03-31,0.0
2014-04-01,0.0
2014-04-02,0.0
2014-04-03,0.0
2014-04-04,1.118110272
2014-04-05,0.0
2014-04-06,4.740157632000001
2014-04-07,0.0
2014-04-08,0.05905512
2014-04-09,0.0
2014-04-10,0.0
2014-04-11,0.0
2014-04-12,0.0
2014-04-13,0.271653552
2014-04-14,2.338582752
2014-04-15,0.0
2014-04-16,0.0
2014-04-17,0.0
2014-04-18,0.0
2014-04-19,0.0
2014-04-20,0.0
2014-04-21,0.0
2014-04-22,0.03937008
2014-04-23,0.0
2014-04-24,0.011811024
2014-04-25,0.129921264
2014-04-26,0.0
2014-04-27,0.228346464
2014-04-28,1.85039376
2014-04-29,0.0
2014-04-30,0.0
2014-05-01,0.0
2014-05-02,0.0
2014-05-03,0.0
2014-05-04,0.0
2014-05-05,0.0
2014-05-06,0.0
2014-05-07,0.0
2014-05-08,0.0
2014-05-09,1.8582677760000001
2014-05-10,0.07874016
2014-05-11,0.279527568
2014-05-12,0.0
2014-05-13,0.031496064000000004
2014-05-14,0.070866144
2014-05-15,0.0
2014-05-16,0.0
2014-05-17,0.0
2014-05-18,0.0
2014-05-19,0.0
2014-05-20,0.0
2014-05-21,0.0
2014-05-22,0.0
2014-05-23,0.0
2014-05-24,0.0
2014-05-25,0.0
2014-05-26,0.0
2014-05-27,3.0393701760000003
2014-05-28,0.681102384
2014-05-29,0.62992128
2014-05-30,0.09055118399999999
2014-05-31,0.169291344
2014-06-01,0.299212608
2014-06-02,0.0
2014-06-03,0.0
2014-06-04,0.0
2014-06-05,0.0
2014-06-06,0.0
2014-06-07,0.0
2014-06-08,0.62992128
2014-06-09,0.188976384
2014-06-10,1.8385827360000002
2014-06-11,0.0
2014-06-12,0.0
2014-06-13,0.0
2014-06-14,0.0
2014-06-15,0.0
2014-06-16,0.0
2014-06-17,0.0
2014-06-18,0.0
2014-06-19,0.0
2014-06-20,0.161417328
2014-06-21,0.228346464
2014-06-22,0.01968504
2014-06-23,0.0
2014-06-24,0.141732288
2014-06-25,0.8503937280000001
2014-06-26,0.200787408
2014-06-27,0.011811024
2014-06-28,0.110236224
2014-06-29,0.0
2014-06-30,0.0
2014-07-01,0.0
2014-07-02,0.0
2014-07-03,0.0
2014-07-04,0.0
2014-07-05,0.0
2014-07-06,0.0
2014-07-07,0.0
2014-07-08,0.0
2014-07-09,0.031496064000000004
2014-07-10,0.338582688
2014-07-11,1.401574848
2014-07-12,0.0
2014-07-13,0.0
2014-07-14,0.0
2014-07-15,0.188976384
2014-07-16,0.0
2014-07-17,0.0
2014-07-18,0.7795275840000001
2014-07-19,0.0
2014-07-20,0.0
2014-07-21,0.0
2014-07-22,0.011811024
2014-07-23,0.149606304
2014-07-24,0.0
2014-07-25,0.0
2014-07-26,0.0
2014-07-27,0.0
2014-07-28,0.0
2014-07-29,0.0
2014-07-30,0.0
2014-07-31,0.0
2014-08-01,0.051181104000000005
2014-08-02,0.03937008
2014-08-03,0.011811024
2014-08-04,0.031496064000000004
2014-08-05,0.0
2014-08-06,0.0
2014-08-07,0.0
2014-08-08,0.0
2014-08-09,1.000000032
2014-08-10,2.078740224
2014-08-11,0.070866144
2014-08-12,0.0
2014-08-13,0.0
2014-08-14,0.0
2014-08-15,0.0
2014-08-16,0.0
2014-08-17,0.0
2014-08-18,0.0
2014-08-19,0.0
2014-08-20,0.0
2014-08-21,0.070866144
2014-08-22,0.0
2014-08-23,0.0
2014-08-24,0.0
2014-08-25,0.401574816
2014-08-26,0.0
2014-08-27,0.0
2014-08-28,0.0
2014-08-29,0.0
2014-08-30,0.271653552
2014-08-31,0.011811024
2014-09-01,0.0
2014-09-02,1.570866192
2014-09-03,0.0
2014-09-04,0.0
2014-09-05,0.381889776
2014-09-06,0.0
2014-09-07,0.0
2014-09-08,0.0
2014-09-09,0.0
2014-09-10,0.0
2014-09-11,0.0
2014-09-12,0.0
2014-09-13,0.011811024
2014-09-14,0.0
2014-09-15,0.0
2014-09-16,0.0
2014-09-17,0.0
2014-09-18,0.169291344
2014-09-19,0.0
2014-09-20,0.0
2014-09-21,0.0
2014-09-22,0.0
2014-09-23,0.0
2014-09-24,0.0
2014-09-25,0.0
2014-09-26,0.0
2014-09-27,0.0
2014-09-28,0.0
2014-09-29,0.0
2014-09-30,0.0
2014-10-01,0.0
2014-10-02,0.07874016
2014-10-03,0.940944912
2014-10-04,0.0
2014-10-05,0.0
2014-10-06,0.0
2014-10-07,0.0
2014-10-08,0.0
2014-10-09,0.0
2014-10-10,0.0
2014-10-11,0.0
2014-10-12,0.0
2014-10-13,1.85039376
2014-10-14,0.0
2014-10-15,0.0
2014-10-16,0.0
2014-10-17,0.0
2014-10-18,0.0
2014-10-19,0.0
2014-10-20,0.0
2014-10-21,0.0
2014-10-22,0.0
2014-10-23,0.0
2014-10-24,0.0
2014-10-25,0.0
2014-10-26,0.0
2014-10-27,0.0
2014-10-28,0.0
2014-10-29,0.0
2014-10-30,0.0
2014-10-31,0.0
2014-11-01,0.0
2014-11-02,0.0
2014-11-03,0.0
2014-11-04,0.0
2014-11-05,0.03937008
2014-11-06,0.188976384
2014-11-07,0.0
2014-11-08,0.0
2014-11-09,0.0
2014-11-10,0.0
2014-11-11,0.0
2014-11-12,0.0
2014-11-13,0.0
2014-11-14,0.0
2014-11-15,0.0
2014-11-16,3.161417424
2014-11-17,0.110236224
2014-11-18,0.0
2014-11-19,0.0
2014-11-20,0.0
2014-11-21,0.0
2014-11-22,0.0
2014-11-23,0.220472448
2014-11-24,0.0
2014-11-25,0.0
2014-11-26,0.0
2014-11-27,0.0
2014-11-28,0.0
2014-11-29,0.0
2014-11-30,0.0
2014-12-01,0.0
2014-12-02,0.0
2014-12-03,0.0
2014-12-04,0.0
2014-12-05,0.011811024
2014-12-06,0.05905512
2014-12-07,0.0
2014-12-08,0.0
2014-12-09,0.0
2014-12-10,0.0
2014-12-11,0.0
2014-12-12,0.01968504
2014-12-13,0.0
2014-12-14,0.0
2014-12-15,0.448818912
2014-12-16,0.0
2014-12-17,0.0
2014-12-18,0.031496064000000004
2014-12-19,0.279527568
2014-12-20,0.0
2014-12-21,0.0
2014-12-22,0.0
2014-12-23,0.9488189280000001
2014-12-24,0.0
2014-12-25,0.0
2014-12-26,0.0
2014-12-27,1.7992126560000001
2014-12-28,0.838582704
2014-12-29,0.011811024
2014-12-30,0.0
2014-12-31,0.0
2015-01-01,0.299212608
2015-01-02,0.299212608
2015-01-03,1.511811072
2015-01-04,0.0
2015-01-05,0.0
2015-01-06,0.0
2015-01-07,0.0
2015-01-08,0.0
2015-01-09,0.0
2015-01-10,0.0
2015-01-11,0.05905512
2015-01-12,0.46850395200000006
2015-01-13,0.0
2015-01-14,0.0
2015-01-15,0.05905512
2015-01-16,0.0
2015-01-17,0.0
2015-01-18,0.0
2015-01-19,0.0
2015-01-20,0.0
2015-01-21,0.0
2015-01-22,0.9881890080000001
2015-01-23,0.350393712
2015-01-24,0.0
2015-01-25,0.0
2015-01-26,0.0
2015-01-27,0.0
2015-01-28,0.0
2015-01-29,0.0
2015-01-30,0.0
2015-01-31,0.0
2015-02-01,0.500000016
2015-02-02,0.0
2015-02-03,0.0
2015-02-04,0.0
2015-02-05,0.0
2015-02-06,0.0
2015-02-07,0.0
2015-02-08,0.0
2015-02-09,0.0
2015-02-10,0.0
2015-02-11,0.0
2015-02-12,0.0
2015-02-13,0.0
2015-02-14,0.0
2015-02-15,0.0
2015-02-16,1.000000032
2015-02-17,0.0
2015-02-18,0.0
2015-02-19,0.0
2015-02-20,0.011811024
2015-02-21,1.090551216
2015-02-22,0.7204724640000001
2015-02-23,0.901574832
2015-02-24,0.0
2015-02-25,1.000000032
2015-02-26,0.0
2015-02-27,0.0
2015-02-28,0.0
2015-03-01,1.110236256
2015-03-02,0.05905512
2015-03-03,0.05905512
2015-03-04,0.129921264
2015-03-05,0.31102363200000005
2015-03-06,0.0
2015-03-07,0.0
2015-03-08,0.070866144
2015-03-09,0.149606304
2015-03-10,0.901574832
2015-03-11,0.011811024
2015-03-12,0.070866144
2015-03-13,1.000000032
2015-03-14,0.0
2015-03-15,0.0
2015-03-16,0.0
2015-03-17,0.0
2015-03-18,0.161417328
2015-03-19,0.0
2015-03-20,0.141732288
2015-03-21,1.5787402080000001
2015-03-22,0.318897648
2015-03-23,0.01968504
2015-03-24,0.0
2015-03-25,0.0
2015-03-26,0.11811024
2015-03-27,0.0
2015-03-28,0.0
2015-03-29,0.0
2015-03-30,0.0
2015-03-31,0.0
2015-04-01,0.0
2015-04-02,0.0
2015-04-03,0.51181104
2015-04-04,0.0
2015-04-05,0.09055118399999999
2015-04-06,0.271653552
2015-04-07,0.0
2015-04-08,0.0
2015-04-09,0.0
2015-04-10,0.401574816
2015-04-11,0.0
2015-04-12,0.0
2015-04-13,0.291338592
2015-04-14,0.011811024
2015-04-15,0.0
2015-04-16,0.070866144
2015-04-17,0.051181104000000005
2015-04-18,1.6417323360000002
2015-04-19,0.338582688
2015-04-20,0.0
2015-04-21,0.0
2015-04-22,0.03937008
2015-04-23,0.011811024
2015-04-24,0.0
2015-04-25,0.401574816
2015-04-26,0.0
2015-04-27,0.0
2015-04-28,0.01968504
2015-04-29,0.0
2015-04-30,0.0
2015-05-01,0.0
2015-05-02,0.0
2015-05-03,0.0
2015-05-04,0.0
2015-05-05,0.0
2015-05-06,0.0
2015-05-07,0.0
2015-05-08,0.0
2015-05-09,0.0
2015-05-10,0.0
2015-05-11,0.01968504
2015-05-12,0.51181104
2015-05-13,0.0
2015-05-14,0.0
2015-05-15,0.11811024
2015-05-16,0.559055136
2015-05-17,0.240157488
2015-05-18,1.33858272
2015-05-19,0.0
2015-05-20,0.5511811200000001
2015-05-21,0.0
2015-05-22,0.0
2015-05-23,0.0
2015-05-24,1.051181136
2015-05-25,0.25196851200000003
2015-05-26,0.57086616
2015-05-27,0.03937008
2015-05-28,0.0
2015-05-29,0.0
2015-05-30,0.421259856
2015-05-31,1.118110272
2015-06-01,0.0
2015-06-02,0.0
2015-06-03,0.0
2015-06-04,0.0
2015-06-05,0.0
2015-06-06,0.0
2015-06-07,0.0
2015-06-08,0.0
2015-06-09,0.05905512
2015-06-10,0.0
2015-06-11,0.0
2015-06-12,0.0984252
2015-06-13,0.6496063200000001
2015-06-14,0.53149608
2015-06-15,0.07874016
2015-06-16,0.0
2015-06-17,0.0
2015-06-18,0.0
2015-06-19,0.0
2015-06-20,0.0
2015-06-21,0.0
2015-06-22,0.0
2015-06-23,0.0
2015-06-24,1.3582677600000002
2015-06-25,0.0
2015-06-26,0.33070867200000004
2015-06-27,0.011811024
2015-06-28,0.0
2015-06-29,0.0
2015-06-30,1.090551216
2015-07-01,0.0
2015-07-02,0.0
2015-07-03,0.0
2015-07-04,0.70866144
2015-07-05,0.8503937280000001
2015-07-06,0.0
2015-07-07,0.031496064000000004
2015-07-08,0.0
2015-07-09,0.0
2015-07-10,0.0
2015-07-11,0.0
2015-07-12,0.0
2015-07-13,0.0
2015-07-14,0.0
2015-07-15,0.0
2015-07-16,0.0
2015-07-17,0.0
2015-07-18,0.0
2015-07-19,0.0
2015-07-20,0.0
2015-07-21,0.0
2015-07-22,0.0
2015-07-23,0.0
2015-07-24,0.0
2015-07-25,0.011811024
2015-07-26,0.0
2015-07-27,0.0
2015-07-28,0.0
2015-07-29,0.0
2015-07-30,0.228346464
2015-07-31,0.0
2015-08-01,0.0
2015-08-02,0.0
2015-08-03,0.0
2015-08-04,0.0
2015-08-05,0.0
2015-08-06,0.0
2015-08-07,0.0
2015-08-08,0.05905512
2015-08-09,0.0
2015-08-10,0.0
2015-08-11,0.01968504
2015-08-12,0.0
2015-08-13,0.0
2015-08-14,0.0
2015-08-15,0.0
2015-08-16,0.0
2015-08-17,0.0
2015-08-18,0.011811024
2015-08-19,0.051181104000000005
2015-08-20,0.0
2015-08-21,0.0
2015-08-22,0.0
2015-08-23,0.0
2015-08-24,0.0
2015-08-25,0.0
2015-08-26,0.0
2015-08-27,0.0
2015-08-28,0.0
2015-08-29,0.0
2015-08-30,0.0
2015-08-31,0.0
2015-09-01,1.488189024
2015-09-02,0.0
2015-09-03,0.0
2015-09-04,0.0
2015-09-05,0.051181104000000005
2015-09-06,0.0
2015-09-07,0.0
2015-09-08,0.0
2015-09-09,0.0
2015-09-10,0.031496064000000004
2015-09-11,0.208661424
2015-09-12,0.0
2015-09-13,0.0
2015-09-14,0.0
2015-09-15,0.0
2015-09-16,0.0
2015-09-17,0.0
2015-09-18,0.0
2015-09-19,0.0
2015-09-20,0.0
2015-09-21,0.05905512
2015-09-22,0.0
2015-09-23,0.0
2015-09-24,0.0
2015-09-25,0.0
2015-09-26,0.0
2015-09-27,0.0984252
2015-09-28,0.01968504
2015-09-29,0.03937008
2015-09-30,0.0
2015-10-01,0.0
2015-10-02,0.0
2015-10-03,0.0
2015-10-04,0.0
2015-10-05,0.0
2015-10-06,0.0
2015-10-07,0.0
2015-10-08,0.0
2015-10-09,0.01968504
2015-10-10,0.0
2015-10-11,0.0
2015-10-12,0.0
2015-10-13,0.0
2015-10-14,0.0
2015-10-15,0.0
2015-10-16,0.0
2015-10-17,0.0
2015-10-18,0.0
2015-10-19,0.0
2015-10-20,0.0
2015-10-21,0.0
2015-10-22,0.0
2015-10-23,0.0
2015-10-24,0.11811024
2015-10-25,2.4685040160000002
2015-10-26,2.141732352
2015-10-27,0.350393712
2015-10-28,0.011811024
2015-10-29,0.0
2015-10-30,0.0
2015-10-31,1.7401575360000001
2015-11-01,0.40944883200000004
2015-11-02,0.051181104000000005
2015-11-03,0.0
2015-11-04,0.0
2015-11-05,0.0
2015-11-06,2.688976464
2015-11-07,1.118110272
2015-11-08,0.011811024
2015-11-09,0.0
2015-11-10,0.0
2015-11-11,0.0
2015-11-12,0.070866144
2015-11-13,0.0
2015-11-14,0.0
2015-11-15,0.0
2015-11-16,0.011811024
2015-11-17,1.409448864
2015-11-18,1.2992126400000001
2015-11-19,0.0
2015-11-20,0.0
2015-11-21,0.0
2015-11-22,0.0
2015-11-23,0.0
2015-11-24,0.0
2015-11-25,0.0
2015-11-26,0.0
2015-11-27,0.0
2015-11-28,0.0
2015-11-29,0.141732288
2015-11-30,0.070866144
2015-12-01,0.338582688
2015-12-02,0.11811024
2015-12-03,0.0
2015-12-04,0.0
2015-12-05,0.0
2015-12-06,0.0
2015-12-07,0.0
2015-12-08,0.0
2015-12-09,0.0
2015-12-10,0.0
2015-12-11,0.0
2015-12-12,0.0
2015-12-13,0.858267744
2015-12-14,0.129921264
2015-12-15,0.0
2015-12-16,0.07874016
2015-12-17,0.0
2015-12-18,0.0
2015-12-19,0.0
2015-12-20,0.0
2015-12-21,1.539370128
2015-12-22,0.25196851200000003
2015-12-23,0.03937008
2015-12-24,0.381889776
2015-12-25,0.740157504
2015-12-26,0.0
2015-12-27,0.110236224
2015-12-28,0.8897638080000001
2015-12-29,0.0
2015-12-30,0.0
2015-12-31,0.0
2016-01-01,0.0
2016-01-02,0.0
2016-01-03,0.0
2016-01-04,0.0
2016-01-05,0.0
2016-01-06,0.0
2016-01-07,0.350393712
2016-01-08,0.0
2016-01-09,0.7519685280000001
2016-01-10,0.0
2016-01-11,0.0
2016-01-12,0.0
2016-01-13,0.0
2016-01-14,0.0
2016-01-15,0.0
2016-01-16,0.0
2016-01-17,0.0
2016-01-18,0.0
2016-01-19,0.0
2016-01-20,0.11811024
2016-01-21,1.488189024
2016-01-22,0.110236224
2016-01-23,0.0
2016-01-24,0.0
2016-01-25,0.0
2016-01-26,0.62992128
2016-01-27,0.0
2016-01-28,0.0
2016-01-29,0.0
2016-01-30,0.0
2016-01-31,0.0
2016-02-01,0.0
2016-02-02,2.9803150560000002
2016-02-03,0.011811024
2016-02-04,0.0
2016-02-05,0.0
2016-02-06,0.0
2016-02-07,0.0
2016-02-08,0.0
2016-02-09,0.0
2016-02-10,0.0
2016-02-11,0.0
2016-02-12,0.0
2016-02-13,0.0
2016-02-14,0.0
2016-02-15,1.098425232
2016-02-16,0.0
2016-02-17,0.0
2016-02-18,0.0
2016-02-19,0.0
2016-02-20,0.0
2016-02-21,0.0
2016-02-22,0.8503937280000001
2016-02-23,0.901574832
2016-02-24,0.25196851200000003
2016-02-25,0.0
2016-02-26,0.0
2016-02-27,0.0
2016-02-28,0.0
2016-02-29,0.0
2016-03-01,0.03937008
2016-03-02,0.0
2016-03-03,0.51181104
2016-03-04,0.0
2016-03-05,0.0
2016-03-06,0.0
2016-03-07,0.0
2016-03-08,0.0
2016-03-09,0.259842528
2016-03-10,4.681102512000001
2016-03-11,2.338582752
2016-03-12,0.149606304
2016-03-13,0.0
2016-03-14,0.0
2016-03-15,0.0
2016-03-16,0.0
2016-03-17,0.448818912
2016-03-18,1.118110272
2016-03-19,0.03937008
2016-03-20,0.0
2016-03-21,0.0
2016-03-22,0.0
2016-03-23,0.0
2016-03-24,0.169291344
2016-03-25,0.0
2016-03-26,0.0
2016-03-27,0.370078752
2016-03-28,0.0
2016-03-29,0.0
2016-03-30,0.0
2016-03-31,2.078740224
2016-04-01,0.03937008
2016-04-02,0.0
2016-04-03,0.0
2016-04-04,0.0
2016-04-05,0.0
2016-04-06,0.0
2016-04-07,0.0
2016-04-08,0.0
2016-04-09,0.0
2016-04-10,0.0
2016-04-11,5.051181264000001
2016-04-12,0.220472448
2016-04-13,0.11811024
2016-04-14,0.141732288
2016-04-15,2.098425264
2016-04-16,0.0
2016-04-17,0.0
2016-04-18,0.0
2016-04-19,0.0
2016-04-20,0.05905512
2016-04-21,0.18110236799999999
2016-04-22,0.0
2016-04-23,0.0
2016-04-24,0.0
2016-04-25,0.0
2016-04-26,0.0
2016-04-27,0.03937008
2016-04-28,0.0
2016-04-29,0.0
2016-04-30,0.11811024
2016-05-01,0.220472448
2016-05-02,0.110236224
2016-05-03,0.0
2016-05-04,0.0
2016-05-05,0.0
2016-05-06,0.0
2016-05-07,0.0
2016-05-08,0.0
2016-05-09,0.0
2016-05-10,0.0
2016-05-11,0.0
2016-05-12,0.0
2016-05-13,0.0
2016-05-14,0.0
2016-05-15,0.0
2016-05-16,0.03937008
2016-05-17,0.228346464
2016-05-18,0.0
2016-05-19,0.031496064000000004
2016-05-20,0.03937008
2016-05-21,0.0
2016-05-22,0.0
2016-05-23,0.0
2016-05-24,0.0
2016-05-25,0.0
2016-05-26,0.0
2016-05-27,0.0
2016-05-28,0.0
2016-05-29,0.0
2016-05-30,0.0
2016-05-31,0.228346464
2016-06-01,0.011811024
2016-06-02,0.0
2016-06-03,0.8700787680000001
2016-06-04,0.011811024
2016-06-05,0.0
2016-06-06,0.0
2016-06-07,0.0
2016-06-08,0.0
2016-06-09,0.0
2016-06-10,0.0
2016-06-11,0.0
2016-06-12,0.169291344
2016-06-13,0.0
2016-06-14,0.188976384
2016-06-15,0.0
2016-06-16,0.0
2016-06-17,0.051181104000000005
2016-06-18,0.0
2016-06-19,0.18110236799999999
2016-06-20,0.0
2016-06-21,0.25196851200000003
2016-06-22,0.0
2016-06-23,0.0
2016-06-24,0.05905512
2016-06-25,0.0
2016-06-26,0.0
2016-06-27,0.031496064000000004
2016-06-28,0.448818912
2016-06-29,0.0
2016-06-30,0.0
2016-07-01,0.0
2016-07-02,0.141732288
2016-07-03,0.0
2016-07-04,0.0
2016-07-05,0.161417328
2016-07-06,0.0
2016-07-07,0.0
2016-07-08,0.0
2016-07-09,0.9881890080000001
2016-07-10,0.681102384
2016-07-11,0.0
2016-07-12,0.07874016
2016-07-13,0.0
2016-07-14,0.188976384
2016-07-15,0.0
2016-07-16,0.0
2016-07-17,0.011811024
2016-07-18,0.0
2016-07-19,0.0
2016-07-20,0.370078752
2016-07-21,0.208661424
2016-07-22,0.0
2016-07-23,0.0984252
2016-07-24,0.011811024
2016-07-25,0.0
2016-07-26,0.051181104000000005
2016-07-27,0.838582704
2016-07-28,0.299212608
2016-07-29,0.0
2016-07-30,0.539370096
2016-07-31,0.110236224
2016-08-01,0.0
2016-08-02,0.0
2016-08-03,0.0
2016-08-04,0.0
2016-08-05,0.0
2016-08-06,0.9291338880000001
2016-08-07,0.0
2016-08-08,0.0
2016-08-09,0.208661424
2016-08-10,0.0
2016-08-11,0.169291344
2016-08-12,0.7795275840000001
2016-08-13,0.0
2016-08-14,1.610236272
2016-08-15,0.070866144
2016-08-16,0.031496064000000004
2016-08-17,0.0
2016-08-18,0.169291344
2016-08-19,1.031496096
2016-08-20,0.09055118399999999
2016-08-21,0.0
2016-08-22,0.070866144
2016-08-23,0.011811024
2016-08-24,0.01968504
2016-08-25,0.259842528
2016-08-26,0.01968504
2016-08-27,0.0
2016-08-28,0.0
2016-08-29,0.070866144
2016-08-30,0.031496064000000004
2016-08-31,0.0
2016-09-01,0.0
2016-09-02,0.0
2016-09-03,0.0
2016-09-04,0.169291344
2016-09-05,0.0
2016-09-06,0.0
2016-09-07,0.0
2016-09-08,0.0
2016-09-09,0.0
2016-09-10,0.0
2016-09-11,0.09055118399999999
2016-09-12,0.0
2016-09-13,0.0
2016-09-14,0.0
2016-09-15,0.0
2016-09-16,0.03937008
2016-09-17,0.0
2016-09-18,0.0
2016-09-19,0.0
2016-09-20,0.0
2016-09-21,0.0
2016-09-22,0.0
2016-09-23,0.070866144
2016-09-24,0.0
2016-09-25,0.440944896
2016-09-26,0.0
2016-09-27,0.0
2016-09-28,0.0
2016-09-29,0.0
2016-09-30,0.0
2016-10-01,0.0
2016-10-02,0.0
2016-10-03,0.0
2016-10-04,0.0
2016-10-05,0.0
2016-10-06,0.0
2016-10-07,0.0
2016-10-08,0.0
2016-10-09,0.0
2016-10-10,0.0
2016-10-11,0.0
2016-10-12,0.0
2016-10-13,0.0
2016-10-14,0.0
2016-10-15,0.0
2016-10-16,0.0
2016-10-17,0.0
2016-10-18,0.0
2016-10-19,0.0
2016-10-20,0.161417328
2016-10-21,0.0
2016-10-22,0.0
2016-10-23,0.0
2016-10-24,0.0
2016-10-25,0.0
2016-10-26,0.0
2016-10-27,0.0
2016-10-28,0.0
2016-10-29,0.0
2016-10-30,0.0
2016-10-31,0.0
2016-11-01,0.0
2016-11-02,0.0
2016-11-03,0.0
2016-11-04,0.0
2016-11-05,0.0
2016-11-06,0.0
2016-11-07,0.421259856
2016-11-08,0.188976384
2016-11-09,0.0
2016-11-10,0.0
2016-11-11,0.0
2016-11-12,0.0
2016-11-13,0.0
2016-11-14,0.0
2016-11-15,0.0
2016-11-16,0.0
2016-11-17,0.0
2016-11-18,0.070866144
2016-11-19,0.0
2016-11-20,0.0
2016-11-21,0.0
2016-11-22,0.0
2016-11-23,0.149606304
2016-11-24,0.0
2016-11-25,0.0
2016-11-26,0.0
2016-11-27,0.0
2016-11-28,1.2992126400000001
2016-11-29,0.33070867200000004
2016-11-30,1.149606336
2016-12-01,0.0
2016-12-02,0.0
2016-12-03,0.72834648
2016-12-04,0.200787408
2016-12-05,1.7519685600000001
2016-12-06,0.011811024
2016-12-07,0.0
2016-12-08,0.0
2016-12-09,0.0
2016-12-10,0.0
2016-12-11,0.0
2016-12-12,0.31102363200000005
2016-12-13,0.011811024
2016-12-14,0.0
2016-12-15,0.0
2016-12-16,0.0
2016-12-17,0.01968504
2016-12-18,1.16141736
2016-12-19,0.0
2016-12-20,0.0
2016-12-21,0.0
2016-12-22,0.03937008
2016-12-23,0.0
2016-12-24,0.0
2016-12-25,0.0
2016-12-26,0.0
2016-12-27,0.0
2016-12-28,0.0
2016-12-29,0.6496063200000001
2016-12-30,0.0
2016-12-31,0.66929136
2017-01-01,0.0
2017-01-02,1.7204724960000002
2017-01-03,0.0
2017-01-04,0.0
2017-01-05,0.01968504
2017-01-06,0.46850395200000006
2017-01-07,0.0
2017-01-08,0.0
2017-01-09,0.0
2017-01-10,0.0
2017-01-11,0.0
2017-01-12,0.0
2017-01-13,0.0
2017-01-14,0.0
2017-01-15,0.0
2017-01-16,0.0
2017-01-17,0.0
2017-01-18,0.220472448
2017-01-19,1.480315008
2017-01-20,0.0
2017-01-21,1.188976416
2017-01-22,0.421259856
2017-01-23,0.0
2017-01-24,0.0
2017-01-25,0.070866144
2017-01-26,0.0
2017-01-27,0.0
2017-01-28,0.0
2017-01-29,0.0
2017-01-30,0.0
2017-01-31,0.0
2017-02-01,0.0
2017-02-02,0.05905512
2017-02-03,0.0
2017-02-04,0.0
2017-02-05,0.09055118399999999
2017-02-06,0.0
2017-02-07,1.5787402080000001
2017-02-08,0.0
2017-02-09,0.0
2017-02-10,0.0
2017-02-11,0.0
2017-02-12,0.0
2017-02-13,0.0
2017-02-14,0.070866144
2017-02-15,0.0
2017-02-16,0.0
2017-02-17,0.0
2017-02-18,0.0
2017-02-19,0.0
2017-02-20,0.129921264
2017-02-21,0.299212608
2017-02-22,0.0
2017-02-23,0.0
2017-02-24,0.011811024
2017-02-25,0.0
2017-02-26,0.0
2017-02-27,1.2716535839999998
2017-02-28,0.0
2017-03-01,0.0
2017-03-02,0.0
2017-03-03,0.0
2017-03-04,0.0
2017-03-05,0.09055118399999999
2017-03-06,0.0
2017-03-07,0.46850395200000006
2017-03-08,0.0
2017-03-09,0.0
2017-03-10,0.279527568
2017-03-11,0.240157488
2017-03-12,0.220472448
2017-03-13,0.110236224
2017-03-14,0.0
2017-03-15,0.0
2017-03-16,0.0
2017-03-17,0.0
2017-03-18,0.0
2017-03-19,0.0
2017-03-20,0.0
2017-03-21,0.0
2017-03-22,0.0
2017-03-23,0.0
2017-03-24,0.0
2017-03-25,0.381889776
2017-03-26,0.0
2017-03-27,0.141732288
2017-03-28,0.0
2017-03-29,0.03937008
2017-03-30,0.940944912
2017-03-31,0.0
2017-04-01,0.0
2017-04-02,4.27165368
2017-04-03,1.3307087039999999
2017-04-04,0.0
2017-04-05,0.0
2017-04-06,0.0
2017-04-07,0.0
2017-04-08,0.0
2017-04-09,0.0
2017-04-10,0.0
2017-04-11,0.05905512
2017-04-12,0.149606304
2017-04-13,0.0
2017-04-14,0.0
2017-04-15,0.0
2017-04-16,0.0
2017-04-17,0.05905512
2017-04-18,0.0
2017-04-19,0.0
2017-04-20,0.0
2017-04-21,0.0
2017-04-22,0.9803149919999999
2017-04-23,0.01968504
2017-04-24,0.0
2017-04-25,0.0
2017-04-26,1.5000000480000002
2017-04-27,0.0
2017-04-28,0.0
2017-04-29,0.0
2017-04-30,0.8307086880000001
2017-05-01,0.0
2017-05-02,0.0
2017-05-03,1.011811056
2017-05-04,0.051181104000000005
2017-05-05,0.0
2017-05-06,0.0
2017-05-07,0.0
2017-05-08,0.0
2017-05-09,0.0
2017-05-10,0.0
2017-05-11,0.0
2017-05-12,0.338582688
2017-05-13,0.0
2017-05-14,0.0
2017-05-15,0.0
2017-05-16,0.0
2017-05-17,0.0
2017-05-18,0.0
2017-05-19,0.011811024
2017-05-20,1.16141736
2017-05-21,1.401574848
2017-05-22,1.208661456
2017-05-23,0.519685056
2017-05-24,0.25196851200000003
2017-05-25,0.0
2017-05-26,0.0
2017-05-27,0.0
2017-05-28,1.20078744
2017-05-29,0.110236224
2017-05-30,0.0
2017-05-31,0.0
2017-06-01,0.299212608
2017-06-02,0.271653552
2017-06-03,0.01968504
2017-06-04,0.40944883200000004
2017-06-05,0.480314976
2017-06-06,0.8897638080000001
2017-06-07,0.0
2017-06-08,0.0
2017-06-09,0.0
2017-06-10,0.0
2017-06-11,0.0
2017-06-12,0.161417328
2017-06-13,0.429133872
2017-06-14,0.0
2017-06-15,0.0
2017-06-16,1.25984256
2017-06-17,0.72834648
2017-06-18,0.03937008
2017-06-19,2.8897638720000005
2017-06-20,0.0
2017-06-21,1.5000000480000002
2017-06-22,0.11811024
2017-06-23,0.811023648
2017-06-24,0.0
2017-06-25,0.09055118399999999
2017-06-26,0.0
2017-06-27,0.0
2017-06-28,0.149606304
2017-06-29,0.318897648
2017-06-30,0.07874016
2017-07-01,0.61023624
2017-07-02,0.0
2017-07-03,0.0
2017-07-04,0.0
2017-07-05,0.0
2017-07-06,0.0
2017-07-07,0.0
2017-07-08,0.07874016
2017-07-09,0.0
2017-07-10,0.0
2017-07-11,0.0
2017-07-12,0.0
2017-07-13,0.149606304
2017-07-14,0.0
2017-07-15,0.161417328
2017-07-16,0.200787408
2017-07-17,0.0
2017-07-18,0.0
2017-07-19,0.0
2017-07-20,0.0
2017-07-21,0.350393712
2017-07-22,0.188976384
2017-07-23,0.0
2017-07-24,0.01968504
2017-07-25,0.011811024
2017-07-26,0.0
2017-07-27,0.0
2017-07-28,0.09055118399999999
2017-07-29,0.228346464
2017-07-30,0.0
2017-07-31,0.0
2017-08-01,0.0
2017-08-02,0.01968504
2017-08-03,0.0
2017-08-04,0.0
2017-08-05,0.318897648
2017-08-06,0.031496064000000004
2017-08-07,2.031496128
2017-08-08,1.94881896
2017-08-09,0.838582704
2017-08-10,0.448818912
2017-08-11,0.05905512
2017-08-12,0.0
2017-08-13,0.66929136
2017-08-14,0.0
2017-08-15,0.0
2017-08-16,0.299212608
2017-08-17,0.01968504
2017-08-18,0.0
2017-08-19,0.0
2017-08-20,0.0
2017-08-21,0.0
2017-08-22,0.0
2017-08-23,0.500000016
2017-08-24,0.0
2017-08-25,0.0
2017-08-26,0.0
2017-08-27,0.011811024
2017-08-28,0.11811024
2017-08-29,0.011811024
2017-08-30,0.5905512
2017-08-31,0.5511811200000001
2017-09-01,0.0
2017-09-02,0.0
2017-09-03,0.0
2017-09-04,0.0
2017-09-05,0.200787408
2017-09-06,0.01968504
2017-09-07,0.0
2017-09-08,0.0
2017-09-09,0.0
2017-09-10,0.0
2017-09-11,0.0
2017-09-12,0.200787408
2017-09-13,0.0
2017-09-14,0.0
2017-09-15,0.0
2017-09-16,0.0
2017-09-17,0.0
2017-09-18,0.0
2017-09-19,0.0
2017-09-20,0.6496063200000001
2017-09-21,0.0
2017-09-22,0.0
2017-09-23,0.0
2017-09-24,0.0
2017-09-25,0.0
2017-09-26,0.0
2017-09-27,0.0
2017-09-28,0.0
2017-09-29,0.0
2017-09-30,0.0
2017-10-01,0.0
2017-10-02,0.03937008
2017-10-03,0.0
2017-10-04,0.0
2017-10-05,0.0
2017-10-06,0.0
2017-10-07,0.07874016
2017-10-08,0.01968504
2017-10-09,0.0
2017-10-10,0.240157488
2017-10-11,0.0
2017-10-12,0.0
2017-10-13,0.0
2017-10-14,0.0
2017-10-15,0.0
2017-10-16,0.0
2017-10-17,0.0
2017-10-18,0.0
2017-10-19,0.0
2017-10-20,0.0
2017-10-21,0.188976384
2017-10-22,0.6889764
2017-10-23,0.0
2017-10-24,0.0
2017-10-25,0.0
2017-10-26,0.0
2017-10-27,0.72834648
2017-10-28,0.0
2017-10-29,0.0
2017-10-30,0.0
2017-10-31,0.0
2017-11-01,0.220472448
2017-11-02,0.0
2017-11-03,0.169291344
2017-11-04,0.07874016
2017-11-05,0.0
2017-11-06,0.0
2017-11-07,0.0
2017-11-08,0.07874016
2017-11-09,0.141732288
2017-11-10,0.0
2017-11-11,0.0
2017-11-12,0.0
2017-11-13,0.0
2017-11-14,0.0
2017-11-15,0.0
2017-11-16,0.0
2017-11-17,0.0
2017-11-18,0.228346464
2017-11-19,0.0
2017-11-20,0.0
2017-11-21,0.0
2017-11-22,0.0
2017-11-23,0.0
2017-11-24,0.0
2017-11-25,0.0
2017-11-26,0.0
2017-11-27,0.0
2017-11-28,0.0
2017-11-29,0.0
2017-11-30,0.01968504
2017-12-01,0.0
2017-12-02,0.0
2017-12-03,0.0
2017-12-04,0.011811024
2017-12-05,0.8897638080000001
2017-12-06,0.0
2017-12-07,0.0
2017-12-08,0.228346464
2017-12-09,0.0
2017-12-10,0.0
2017-12-11,0.0
2017-12-12,0.0
2017-12-13,0.0
2017-12-14,0.0
2017-12-15,0.0
2017-12-16,0.0
2017-12-17,0.62992128
2017-12-18,0.0
2017-12-19,0.0
2017-12-20,0.5905512
2017-12-21,0.0
2017-12-22,0.0
2017-12-23,0.11811024
2017-12-24,0.0
2017-12-25,0.0
2017-12-26,0.48818899200000004
2017-12-27,0.03937008
2017-12-28,0.0
2017-12-29,0.0
2017-12-30,0.0
2017-12-31,0.031496064000000004
2018-01-01,0.0
2018-01-02,0.0
2018-01-03,0.0
2018-01-04,0.0
2018-01-05,0.0
2018-01-06,0.0
2018-01-07,0.598425216
2018-01-08,0.31102363200000005
2018-01-09,0.0
2018-01-10,0.0
2018-01-11,0.25196851200000003
2018-01-12,0.07874016
2018-01-13,0.0
2018-01-14,0.0
2018-01-15,0.0
2018-01-16,0.03937008
2018-01-17,0.0
2018-01-18,0.0
2018-01-19,0.0
2018-01-20,0.0
2018-01-21,0.0
2018-01-22,0.960629952
2018-01-23,0.0
2018-01-24,0.0
2018-01-25,0.0
2018-01-26,0.011811024
2018-01-27,0.318897648
2018-01-28,0.0
2018-01-29,0.0
2018-01-30,0.0
2018-01-31,0.0
2018-02-01,0.01968504
2018-02-02,0.0
2018-02-03,0.7598425440000001
2018-02-04,1.011811056
2018-02-05,0.0
2018-02-06,0.141732288
2018-02-07,2.181102432
2018-02-08,0.0
2018-02-09,0.11811024
2018-02-10,0.9291338880000001
2018-02-11,0.03937008
2018-02-12,0.09055118399999999
2018-02-13,0.0
2018-02-14,0.0
2018-02-15,0.0
2018-02-16,0.0
2018-02-17,0.09055118399999999
2018-02-18,0.031496064000000004
2018-02-19,0.0
2018-02-20,0.0
2018-02-21,0.881889792
2018-02-22,0.0
2018-02-23,0.70866144
2018-02-24,0.01968504
2018-02-25,2.590551264
2018-02-26,0.271653552
2018-02-27,0.110236224
2018-02-28,0.0
2018-03-01,0.338582688
2018-03-02,0.0
2018-03-03,0.0
2018-03-04,0.0
2018-03-05,1.88976384
2018-03-06,0.18110236799999999
2018-03-07,0.0
2018-03-08,0.0
2018-03-09,0.0
2018-03-10,0.0
2018-03-11,2.259842592
2018-03-12,0.0
2018-03-13,0.0
2018-03-14,0.0
2018-03-15,0.0
2018-03-16,0.70866144
2018-03-17,0.0
2018-03-18,0.8503937280000001
2018-03-19,0.011811024
2018-03-20,0.0
2018-03-21,0.0
2018-03-22,0.0
2018-03-23,0.0
2018-03-24,0.0
2018-03-25,0.0
2018-03-26,0.0
2018-03-27,0.0
2018-03-28,1.039370112
2018-03-29,1.208661456
2018-03-30,0.0
2018-03-31,0.0
2018-04-01,0.0
2018-04-02,0.0
2018-04-03,0.448818912
2018-04-04,0.01968504
2018-04-05,0.0
2018-04-06,1.85039376
2018-04-07,0.051181104000000005
2018-04-08,0.0
2018-04-09,0.0
2018-04-10,0.0
2018-04-11,0.0
2018-04-12,0.0
2018-04-13,0.0
2018-04-14,1.7992126560000001
2018-04-15,0.0
2018-04-16,0.0
2018-04-17,0.0
2018-04-18,0.0
2018-04-19,0.0
2018-04-20,0.0
2018-04-21,0.0
2018-04-22,1.7007874560000003
2018-04-23,0.0
2018-04-24,0.0
2018-04-25,0.031496064000000004
2018-04-26,0.448818912
2018-04-27,0.0
2018-04-28,0.0
2018-04-29,0.0
2018-04-30,0.0
2018-05-01,0.0
2018-05-02,0.0
2018-05-03,0.0
2018-05-04,0.0
2018-05-05,1.208661456
2018-05-06,0.0
2018-05-07,0.0
2018-05-08,0.0
2018-05-09,0.0
2018-05-10,0.0
2018-05-11,0.0
2018-05-12,0.0
2018-05-13,0.0
2018-05-14,0.0
2018-05-15,0.0
2018-05-16,0.01968504
2018-05-17,0.33070867200000004
2018-05-18,0.0
2018-05-19,0.0
2018-05-20,0.051181104000000005
2018-05-21,0.500000016
2018-05-22,0.0
2018-05-23,0.31102363200000005
2018-05-24,0.0
2018-05-25,0.881889792
2018-05-26,0.0
2018-05-27,0.0
2018-05-28,0.0
2018-05-29,0.0
2018-05-30,0.0
2018-05-31,0.0
2018-06-01,0.0
2018-06-02,0.0
2018-06-03,0.0
2018-06-04,0.0
2018-06-05,0.31102363200000005
2018-06-06,0.0
2018-06-07,0.0
2018-06-08,0.0
2018-06-09,0.0
2018-06-10,0.0
2018-06-11,1.25984256
2018-06-12,0.0
2018-06-13,0.011811024
2018-06-14,0.0
2018-06-15,0.110236224
2018-06-16,0.0
2018-06-17,0.0
2018-06-18,0.051181104000000005
2018-06-19,0.0
2018-06-20,0.18110236799999999
2018-06-21,0.011811024
2018-06-22,0.46850395200000006
2018-06-23,0.0
2018-06-24,0.0
2018-06-25,0.0
2018-06-26,0.0
2018-06-27,0.0
2018-06-28,0.0
2018-06-29,0.169291344
2018-06-30,0.0
2018-07-01,0.0
2018-07-02,0.161417328
2018-07-03,0.0
2018-07-04,0.051181104000000005
2018-07-05,0.0
2018-07-06,0.480314976
2018-07-07,0.291338592
2018-07-08,0.18110236799999999
2018-07-09,0.05905512
2018-07-10,0.0
2018-07-11,0.188976384
2018-07-12,0.0
2018-07-13,0.051181104000000005
2018-07-14,0.0
2018-07-15,0.0
2018-07-16,1.7283465120000001
2018-07-17,0.381889776
2018-07-18,0.129921264
2018-07-19,0.0
2018-07-20,0.03937008
2018-07-21,0.011811024
2018-07-22,0.0
2018-07-23,0.0
2018-07-24,0.0
2018-07-25,0.0
2018-07-26,0.0
2018-07-27,0.0
2018-07-28,0.0984252
2018-07-29,0.0
2018-07-30,0.0
2018-07-31,0.6889764
2018-08-01,0.0
2018-08-02,0.0
2018-08-03,0.09055118399999999
2018-08-04,0.0
2018-08-05,0.051181104000000005
2018-08-06,0.0
2018-08-07,0.0984252
2018-08-08,0.0
2018-08-09,0.0
2018-08-10,0.0
2018-08-11,0.0
2018-08-12,1.6417323360000002
2018-08-13,0.0
2018-08-14,0.0
2018-08-15,0.0
2018-08-16,0.0
2018-08-17,1.149606336
2018-08-18,0.03937008
2018-08-19,0.559055136
2018-08-20,0.03937008
2018-08-21,0.0
2018-08-22,0.0
2018-08-23,0.0
2018-08-24,0.0
2018-08-25,0.0
2018-08-26,0.200787408
2018-08-27,0.031496064000000004
2018-08-28,0.0
2018-08-29,0.208661424
2018-08-30,0.0
2018-08-31,0.33070867200000004
2018-09-01,0.18110236799999999
2018-09-02,0.149606304
2018-09-03,0.0
2018-09-04,0.0
2018-09-05,1.3307087039999999
2018-09-06,0.271653552
2018-09-07,0.0
2018-09-08,0.0
2018-09-09,0.7598425440000001
2018-09-10,0.0
2018-09-11,0.11811024
2018-09-12,0.0
2018-09-13,0.0
2018-09-14,0.0
2018-09-15,0.0
2018-09-16,0.0
2018-09-17,0.0
2018-09-18,0.0
2018-09-19,0.0
2018-09-20,0.0
2018-09-21,0.09055118399999999
2018-09-22,0.220472448
2018-09-23,0.318897648
2018-09-24,0.0
2018-09-25,0.0984252
2018-09-26,1.4409449280000002
2018-09-27,0.350393712
2018-09-28,0.0
2018-09-29,0.0
2018-09-30,0.0
2018-10-01,0.0
2018-10-02,0.0
2018-10-03,0.0
2018-10-04,0.0
2018-10-05,0.0
2018-10-06,0.0
2018-10-07,0.0
2018-10-08,0.0
2018-10-09,0.0
2018-10-10,0.0
2018-10-11,0.0
2018-10-12,0.0
2018-10-13,0.0
2018-10-14,0.0
2018-10-15,0.0
2018-10-16,0.11811024
2018-10-17,0.09055118399999999
2018-10-18,0.0
2018-10-19,0.0
2018-10-20,0.011811024
2018-10-21,0.0
2018-10-22,0.0
2018-10-23,0.0
2018-10-24,0.0
2018-10-25,0.66929136
2018-10-26,0.0
2018-10-27,0.0
2018-10-28,0.0
2018-10-29,0.0
2018-10-30,0.0
2018-10-31,0.0984252
2018-11-01,1.370078784
2018-11-02,0.0
2018-11-03,0.0
2018-11-04,0.38976379200000005
2018-11-05,0.0
2018-11-06,0.259842528
2018-11-07,2.098425264
2018-11-08,0.539370096
2018-11-09,0.700787424
2018-11-10,0.0
2018-11-11,0.448818912
2018-11-12,2.358267792
2018-11-13,0.011811024
2018-11-14,0.011811024
2018-11-15,0.0
2018-11-16,0.0
2018-11-17,0.0
2018-11-18,0.0
2018-11-19,0.05905512
2018-11-20,0.0
2018-11-21,0.0
2018-11-22,0.0
2018-11-23,0.299212608
2018-11-24,0.0
2018-11-25,0.011811024
2018-11-26,0.0
2018-11-27,0.0
2018-11-28,0.0
2018-11-29,0.0
2018-11-30,0.350393712
2018-12-01,0.161417328
2018-12-02,0.0
2018-12-03,0.0
2018-12-04,0.0
2018-12-05,0.0
2018-12-06,0.0
2018-12-07,0.338582688
2018-12-08,2.059055184
2018-12-09,0.011811024
2018-12-10,0.0
2018-12-11,0.0
2018-12-12,0.0
2018-12-13,0.5905512
2018-12-14,0.0
2018-12-15,0.05905512
2018-12-16,0.0
2018-12-17,0.0
2018-12-18,0.0
2018-12-19,0.500000016
2018-12-20,0.129921264
2018-12-21,0.0
2018-12-22,0.0
2018-12-23,0.0
2018-12-24,0.0
2018-12-25,0.0
2018-12-26,0.0
2018-12-27,3.200787504
2018-12-28,0.070866144
2018-12-29,0.48818899200000004
2018-12-30,0.011811024
2018-12-31,0.72834648
2019-01-01,0.0
2019-01-02,2.1692914080000003
2019-01-03,1.421259888
2019-01-04,0.031496064000000004
2019-01-05,0.0
2019-01-06,0.0
2019-01-07,0.0
2019-01-08,0.0
2019-01-09,0.0
2019-01-10,0.0
2019-01-11,0.0
2019-01-12,0.70866144
2019-01-13,0.0
2019-01-14,0.0
2019-01-15,0.0
2019-01-16,0.0
2019-01-17,0.05905512
2019-01-18,0.0
2019-01-19,0.9488189280000001
2019-01-20,0.0
2019-01-21,0.0
2019-01-22,0.0
2019-01-23,0.5511811200000001
2019-01-24,0.0
2019-01-25,0.0
2019-01-26,0.0
2019-01-27,0.0
2019-01-28,0.129921264
2019-01-29,0.220472448
2019-01-30,0.0
2019-01-31,0.0
2019-02-01,0.0
2019-02-02,0.0
2019-02-03,0.0
2019-02-04,0.0
2019-02-05,0.11811024
2019-02-06,0.0
2019-02-07,0.011811024
2019-02-08,0.0
2019-02-09,0.03937008
2019-02-10,0.0
2019-02-11,0.011811024
2019-02-12,0.5511811200000001
2019-02-13,0.0
2019-02-14,0.0
2019-02-15,0.0
2019-02-16,0.011811024
2019-02-17,0.480314976
2019-02-18,0.011811024
2019-02-19,0.381889776
2019-02-20,0.291338592
2019-02-21,0.240157488
2019-02-22,0.03937008
2019-02-23,0.618110256
2019-02-24,0.0
2019-02-25,0.0
2019-02-26,0.0
2019-02-27,0.220472448
2019-02-28,0.03937008
2019-03-01,0.07874016
2019-03-02,0.031496064000000004
2019-03-03,0.6496063200000001
2019-03-04,0.0
2019-03-05,0.0
2019-03-06,0.0
2019-03-07,0.0
2019-03-08,0.0
2019-03-09,0.0
2019-03-10,0.291338592
2019-03-11,1.31889768
2019-03-12,0.0
2019-03-13,0.0
2019-03-14,0.01968504
2019-03-15,0.0
2019-03-16,0.0
2019-03-17,0.0
2019-03-18,0.0
2019-03-19,0.0
2019-03-20,0.0
2019-03-21,0.0
2019-03-22,0.0
2019-03-23,0.0
2019-03-24,0.0
2019-03-25,0.61023624
2019-03-26,0.0
2019-03-27,0.0
2019-03-28,0.0
2019-03-29,0.0
2019-03-30,0.149606304
2019-03-31,0.0
2019-04-01,0.0
2019-04-02,0.0
2019-04-03,0.0
2019-04-04,0.70866144
2019-04-05,0.0
2019-04-06,0.480314976
2019-04-07,0.46850395200000006
2019-04-08,0.161417328
2019-04-09,0.338582688
2019-04-10,0.0
2019-04-11,0.0
2019-04-12,0.6614173440000001
2019-04-13,1.85039376
2019-04-14,0.0
2019-04-15,0.0
2019-04-16,0.0
2019-04-17,0.0
2019-04-18,2.078740224
2019-04-19,0.05905512
2019-04-20,0.0
2019-04-21,0.0
2019-04-22,0.0
2019-04-23,0.0
2019-04-24,0.0
2019-04-25,0.9488189280000001
2019-04-26,0.0
2019-04-27,0.0
2019-04-28,0.0
2019-04-29,0.0
2019-04-30,0.0
2019-05-01,0.0
2019-05-02,0.0
2019-05-03,0.240157488
2019-05-04,0.66929136
2019-05-05,0.0
2019-05-06,0.0
2019-05-07,0.0
2019-05-08,0.7598425440000001
2019-05-09,2.4212599200000002
2019-05-10,0.338582688
2019-05-11,0.370078752
2019-05-12,0.01968504
2019-05-13,0.0
2019-05-14,0.0
2019-05-15,0.0
2019-05-16,0.0
2019-05-17,0.0
2019-05-18,0.11811024
2019-05-19,1.090551216
2019-05-20,0.0
2019-05-21,0.0
2019-05-22,0.0
2019-05-23,0.0
2019-05-24,0.0
2019-05-25,0.0
2019-05-26,0.0
2019-05-27,0.0
2019-05-28,0.0
2019-05-29,0.0
2019-05-30,0.0
2019-05-31,0.0
2019-06-01,0.0
2019-06-02,0.0
2019-06-03,0.0
2019-06-04,0.0
2019-06-05,0.11811024
2019-06-06,0.05905512
2019-06-07,1.129921296
2019-06-08,0.0
2019-06-09,0.0
2019-06-10,0.0
2019-06-11,0.0
2019-06-12,0.0
2019-06-13,0.0
2019-06-14,0.0
2019-06-15,0.0
2019-06-16,0.141732288
2019-06-17,0.259842528
2019-06-18,0.01968504
2019-06-19,0.011811024
2019-06-20,0.141732288
2019-06-21,0.0
2019-06-22,0.0
2019-06-23,0.0
2019-06-24,0.149606304
2019-06-25,0.070866144
2019-06-26,0.0
2019-06-27,0.0
2019-06-28,0.188976384
2019-06-29,0.429133872
2019-06-30,0.0
2019-07-01,0.0
2019-07-02,0.0
2019-07-03,0.0
2019-07-04,0.0
2019-07-05,0.0
2019-07-06,0.0
2019-07-07,0.031496064000000004
2019-07-08,0.0
2019-07-09,0.0
2019-07-10,0.161417328
2019-07-11,0.62992128
2019-07-12,0.051181104000000005
2019-07-13,0.350393712
2019-07-14,2.011811088
2019-07-15,0.72834648
2019-07-16,0.141732288
2019-07-17,0.0
2019-07-18,0.0
2019-07-19,0.0
2019-07-20,1.14173232
2019-07-21,0.0
2019-07-22,0.240157488
2019-07-23,0.72834648
2019-07-24,0.0
2019-07-25,0.0
2019-07-26,0.0
2019-07-27,0.0
2019-07-28,0.0
2019-07-29,0.07874016
2019-07-30,0.149606304
2019-07-31,0.220472448
2019-08-01,0.0
2019-08-02,0.0
2019-08-03,0.0
2019-08-04,0.220472448
2019-08-05,0.0
2019-08-06,0.0
2019-08-07,0.0
2019-08-08,0.0
2019-08-09,0.0
2019-08-10,0.169291344
2019-08-11,0.0
2019-08-12,0.051181104000000005
2019-08-13,0.401574816
2019-08-14,0.011811024
2019-08-15,0.0
2019-08-16,0.0
2019-08-17,0.0
2019-08-18,0.519685056
2019-08-19,0.578740176
2019-08-20,0.0
2019-08-21,0.200787408
2019-08-22,0.53149608
2019-08-23,0.031496064000000004
2019-08-24,0.110236224
2019-08-25,0.188976384
2019-08-26,2.161417392
2019-08-27,0.11811024
2019-08-28,0.0
2019-08-29,0.0
2019-08-30,0.0
2019-08-31,0.0
2019-09-01,0.0
2019-09-02,0.0
2019-09-03,0.0
2019-09-04,0.0
2019-09-05,0.0
2019-09-06,0.0
2019-09-07,0.0
2019-09-08,0.0
2019-09-09,0.0
2019-09-10,0.0
2019-09-11,0.0
2019-09-12,0.0
2019-09-13,0.0
2019-09-14,0.0
2019-09-15,0.0
2019-09-16,0.0
2019-09-17,0.0
2019-09-18,0.0
2019-09-19,0.0984252
2019-09-20,0.0
2019-09-21,0.0
2019-09-22,0.0
2019-09-23,0.0
2019-09-24,0.0
2019-09-25,0.0
2019-09-26,0.0
2019-09-27,0.0
2019-09-28,0.0
2019-09-29,0.0
2019-09-30,0.0
2019-10-01,0.0
2019-10-02,0.0
2019-10-03,0.0
2019-10-04,0.51181104
2019-10-05,0.0
2019-10-06,0.0
2019-10-07,0.011811024
2019-10-08,0.0
2019-10-09,0.0
2019-10-10,0.0
2019-10-11,0.03937008
2019-10-12,0.0
2019-10-13,0.0
2019-10-14,0.188976384
2019-10-15,3.70078752
2019-10-16,0.01968504
2019-10-17,0.0
2019-10-18,0.0
2019-10-19,0.011811024
2019-10-20,0.38976379200000005
2019-10-21,0.811023648
2019-10-22,0.0
2019-10-23,0.0
2019-10-24,0.0
2019-10-25,1.4409449280000002
2019-10-26,0.350393712
2019-10-27,0.0
2019-10-28,0.011811024
2019-10-29,0.141732288
2019-10-30,3.929133984
2019-10-31,0.519685056
2019-11-01,0.0
2019-11-02,0.0
2019-11-03,0.0
2019-11-04,0.0
2019-11-05,0.0
2019-11-06,0.0
2019-11-07,0.149606304
2019-11-08,0.0
2019-11-09,0.0
2019-11-10,0.0
2019-11-11,0.480314976
2019-11-12,0.031496064000000004
2019-11-13,0.0
2019-11-14,0.031496064000000004
2019-11-15,0.0
2019-11-16,0.0
2019-11-17,0.0
2019-11-18,0.0
2019-11-19,0.0
2019-11-20,0.0
2019-11-21,0.0
2019-11-22,0.381889776
2019-11-23,0.149606304
2019-11-24,0.0
2019-11-25,0.0
2019-11-26,0.11811024
2019-11-27,0.070866144
2019-11-28,0.0
2019-11-29,0.0
2019-11-30,0.460629936
2019-12-01,0.0
2019-12-02,0.0
2019-12-03,0.0
2019-12-04,0.0
2019-12-05,0.0
2019-12-06,0.62992128
2019-12-07,0.0
2019-12-08,0.0
2019-12-09,0.0
2019-12-10,0.838582704
2019-12-11,0.0
2019-12-12,0.0
2019-12-13,0.0
2019-12-14,0.0
2019-12-15,0.0
2019-12-16,1.20078744
2019-12-17,0.031496064000000004
2019-12-18,0.0
2019-12-19,0.0
2019-12-20,0.0
2019-12-21,0.429133872
2019-12-22,2.240157552
2019-12-23,0.051181104000000005
2019-12-24,0.0
2019-12-25,0.0
2019-12-26,0.0
2019-12-27,0.01968504
2019-12-28,0.318897648
2019-12-29,0.921259872
2019-12-30,0.0
2019-12-31,0.0
2020-01-01,0.0
2020-01-02,4.838582832
2020-01-03,0.291338592
2020-01-04,0.0
2020-01-05,0.0
2020-01-06,0.0
2020-01-07,0.0
2020-01-08,0.0
2020-01-09,0.0
2020-01-10,0.299212608
2020-01-11,2.279527632
2020-01-12,0.0
2020-01-13,0.279527568
2020-01-14,5.759842704
2020-01-15,0.0
2020-01-16,0.641732304
2020-01-17,0.0
2020-01-18,0.72834648
2020-01-19,0.0
2020-01-20,0.0
2020-01-21,0.0
2020-01-22,0.0
2020-01-23,0.401574816
2020-01-24,0.0
2020-01-25,0.0
2020-01-26,0.110236224
2020-01-27,0.0
2020-01-28,0.03937008
2020-01-29,0.200787408
2020-01-30,0.0
2020-01-31,0.011811024
2020-02-01,0.0
2020-02-02,0.0
2020-02-03,0.0
2020-02-04,0.051181104000000005
2020-02-05,0.641732304
2020-02-06,0.440944896
2020-02-07,0.0
2020-02-08,0.0
2020-02-09,0.0
2020-02-10,2.708661504
2020-02-11,0.480314976
2020-02-12,2.531496144
2020-02-13,0.208661424
2020-02-14,0.0
2020-02-15,0.0
2020-02-16,0.110236224
2020-02-17,0.01968504
2020-02-18,0.0984252
2020-02-19,0.40944883200000004
2020-02-20,2.40157488
2020-02-21,0.0
2020-02-22,0.0
2020-02-23,0.0
2020-02-24,0.5511811200000001
2020-02-25,0.0
2020-02-26,0.129921264
2020-02-27,0.0
2020-02-28,0.0
2020-02-29,0.0
2020-03-01,0.0
2020-03-02,0.0984252
2020-03-03,0.070866144
2020-03-04,1.7716536
2020-03-05,0.358267728
2020-03-06,0.0
2020-03-07,0.0
2020-03-08,0.0
2020-03-09,0.051181104000000005
2020-03-10,0.31102363200000005
2020-03-11,0.0
2020-03-12,0.0
2020-03-13,0.0
2020-03-14,0.0
2020-03-15,0.0
2020-03-16,0.0
2020-03-17,0.0
2020-03-18,0.0
2020-03-19,0.0
2020-03-20,0.8897638080000001
2020-03-21,0.011811024
2020-03-22,1.078740192
2020-03-23,0.011811024
2020-03-24,0.031496064000000004
2020-03-25,0.0
2020-03-26,0.0
2020-03-27,0.0
2020-03-28,0.539370096
2020-03-29,0.09055118399999999
2020-03-30,0.0
2020-03-31,0.460629936
2020-04-01,0.0
2020-04-02,0.0
2020-04-03,0.0
2020-04-04,0.01968504
2020-04-05,0.0
2020-04-06,0.0
2020-04-07,0.0
2020-04-08,0.0
2020-04-09,0.0
2020-04-10,0.0
2020-04-11,0.0
2020-04-12,1.429133904
2020-04-13,0.0
2020-04-14,0.0
2020-04-15,0.0
2020-04-16,0.0
2020-04-17,0.0
2020-04-18,0.0
2020-04-19,3.0984252960000003
2020-04-20,0.0
2020-04-21,0.0
2020-04-22,0.57086616
2020-04-23,2.7204725279999997
2020-04-24,0.129921264
2020-04-25,0.01968504
2020-04-26,0.0
2020-04-27,0.0
2020-04-28,0.011811024
2020-04-29,0.228346464
2020-04-30,0.0
2020-05-01,0.0
2020-05-02,0.0
2020-05-03,0.0
2020-05-04,0.0
2020-05-05,0.0
2020-05-06,0.0
2020-05-07,0.0
2020-05-08,0.279527568
2020-05-09,0.0
2020-05-10,0.0
2020-05-11,0.0
2020-05-12,0.0
2020-05-13,0.0
2020-05-14,0.38976379200000005
2020-05-15,0.220472448
2020-05-16,0.09055118399999999
2020-05-17,0.338582688
2020-05-18,0.161417328
2020-05-19,0.0
2020-05-20,0.0
2020-05-21,0.0984252
2020-05-22,0.0
2020-05-23,0.0
2020-05-24,0.0
2020-05-25,0.0
2020-05-26,0.448818912
2020-05-27,0.66929136
2020-05-28,0.169291344
2020-05-29,0.031496064000000004
2020-05-30,0.0
2020-05-31,0.0
2020-06-01,0.0
2020-06-02,0.0
2020-06-03,0.051181104000000005
2020-06-04,0.0
2020-06-05,0.429133872
2020-06-06,0.0
2020-06-07,0.350393712
2020-06-08,3.370078848
2020-06-09,0.0
2020-06-10,0.110236224
2020-06-11,0.0
2020-06-12,0.0
2020-06-13,0.0
2020-06-14,0.0
2020-06-15,0.0
2020-06-16,0.0
2020-06-17,0.0
2020-06-18,0.0
2020-06-19,0.0
2020-06-20,0.0
2020-06-21,0.480314976
2020-06-22,0.8503937280000001
2020-06-23,0.0
2020-06-24,0.011811024
2020-06-25,1.110236256
2020-06-26,0.01968504
2020-06-27,0.0
2020-06-28,0.0
2020-06-29,0.0
2020-06-30,0.011811024
2020-07-01,0.200787408
2020-07-02,1.429133904
2020-07-03,0.0
2020-07-04,0.960629952
2020-07-05,0.519685056
2020-07-06,2.118110304
2020-07-07,0.031496064000000004
2020-07-08,0.8307086880000001
2020-07-09,0.0
2020-07-10,0.0
2020-07-11,0.0
2020-07-12,0.0
2020-07-13,0.0
2020-07-14,0.0
2020-07-15,0.0
2020-07-16,0.0
2020-07-17,0.480314976
2020-07-18,0.0
2020-07-19,0.0
2020-07-20,0.0
2020-07-21,0.0
2020-07-22,0.0
2020-07-23,0.031496064000000004
2020-07-24,0.8700787680000001
2020-07-25,0.01968504
2020-07-26,0.0
2020-07-27,0.0984252
2020-07-28,0.11811024
2020-07-29,0.0
2020-07-30,0.0
2020-07-31,0.25196851200000003
2020-08-01,0.149606304
2020-08-02,0.0
2020-08-03,0.0
2020-08-04,0.0
2020-08-05,0.0
2020-08-06,0.0
2020-08-07,0.0
2020-08-08,0.0984252
2020-08-09,0.0
2020-08-10,0.0
2020-08-11,0.0
2020-08-12,0.220472448
2020-08-13,1.539370128
2020-08-14,0.299212608
2020-08-15,0.0
2020-08-16,1.3582677600000002
2020-08-17,0.0
2020-08-18,0.0
2020-08-19,0.0
2020-08-20,0.07874016
2020-08-21,0.598425216
2020-08-22,0.0
2020-08-23,0.0
2020-08-24,0.0
2020-08-25,0.0
2020-08-26,0.240157488
2020-08-27,1.16141736
2020-08-28,0.0
2020-08-29,0.0
2020-08-30,0.0984252
2020-08-31,0.011811024
2020-09-01,0.0
2020-09-02,0.0
2020-09-03,0.0
2020-09-04,0.0
2020-09-05,0.0
2020-09-06,0.0
2020-09-07,0.0
2020-09-08,0.0
2020-09-09,0.0
2020-09-10,0.0
2020-09-11,1.291338624
2020-09-12,0.011811024
2020-09-13,0.0
2020-09-14,0.0
2020-09-15,0.0
2020-09-16,0.0
2020-09-17,0.0
2020-09-18,0.0
2020-09-19,0.0
2020-09-20,0.0
2020-09-21,0.0
2020-09-22,0.0
2020-09-23,2.688976464
2020-09-24,1.7204724960000002
2020-09-25,0.0
2020-09-26,0.0
2020-09-27,0.0
2020-09-28,0.011811024
2020-09-29,0.0
2020-09-30,0.0
2020-10-01,0.0
2020-10-02,0.0
2020-10-03,0.0
2020-10-04,0.0
2020-10-05,0.0
2020-10-06,0.0
2020-10-07,0.0
2020-10-08,0.5511811200000001
2020-10-09,0.358267728
2020-10-10,0.8188976640000001
2020-10-11,0.011811024
2020-10-12,0.0
2020-10-13,0.0
2020-10-14,0.0
2020-10-15,0.0
2020-10-16,0.031496064000000004
2020-10-17,0.0
2020-10-18,0.0
2020-10-19,0.0
2020-10-20,0.0
2020-10-21,0.0
2020-10-22,0.0
2020-10-23,0.31102363200000005
2020-10-24,0.05905512
2020-10-25,0.0
2020-10-26,0.0
2020-10-27,0.228346464
2020-10-28,1.7992126560000001
2020-10-29,0.031496064000000004
2020-10-30,0.0
2020-10-31,0.0
2020-11-01,0.0
2020-11-02,0.0
2020-11-03,0.0
2020-11-04,0.0
2020-11-05,0.0
2020-11-06,0.0
2020-11-07,0.0
2020-11-08,0.0
2020-11-09,0.0
2020-11-10,0.0984252
2020-11-11,0.0
2020-11-12,0.0
2020-11-13,0.0
2020-11-14,0.0
2020-11-15,0.011811024
2020-11-16,0.0
2020-11-17,0.0
2020-11-18,0.0
2020-11-19,0.0
2020-11-20,0.0
2020-11-21,0.0
2020-11-22,0.0
2020-11-23,0.0
2020-11-24,0.0
2020-11-25,0.598425216
2020-11-26,0.0
2020-11-27,0.968503968
2020-11-28,0.011811024
2020-11-29,1.8188976960000003
2020-11-30,0.0
2020-12-01,0.0
2020-12-02,0.0
2020-12-03,0.9488189280000001
2020-12-04,0.18110236799999999
2020-12-05,0.0
2020-12-06,0.0
2020-12-07,0.0
2020-12-08,0.0
2020-12-09,0.0
2020-12-10,0.0
2020-12-11,0.0984252
2020-12-12,0.7204724640000001
2020-12-13,1.16141736
2020-12-14,0.011811024
2020-12-15,0.110236224
2020-12-16,0.11811024
2020-12-17,0.0
2020-12-18,0.0
2020-12-19,0.350393712
2020-12-20,0.0
2020-12-21,0.0
2020-12-22,0.0
2020-12-23,1.4409449280000002
2020-12-24,0.33070867200000004
2020-12-25,0.0
2020-12-26,0.0
2020-12-27,0.0
2020-12-28,0.0
2020-12-29,0.0
2020-12-30,0.0
2020-12-31,0.7795275840000001
2021-01-01,0.6496063200000001
2021-01-02,0.0
2021-01-03,0.0
2021-01-04,0.0
2021-01-05,0.0
2021-01-06,0.0
2021-01-07,0.61023624
2021-01-08,0.0
2021-01-09,0.0
2021-01-10,0.25196851200000003
2021-01-11,0.350393712
2021-01-12,0.0
2021-01-13,0.03937008
2021-01-14,0.0
2021-01-15,0.0
2021-01-16,0.0
2021-01-17,0.0
2021-01-18,0.0
2021-01-19,0.0
2021-01-20,0.031496064000000004
2021-01-21,0.500000016
2021-01-22,0.48818899200000004
2021-01-23,0.0
2021-01-24,0.05905512
2021-01-25,0.358267728
2021-01-26,0.0
2021-01-27,0.01968504
2021-01-28,0.0
2021-01-29,0.0
2021-01-30,0.031496064000000004
2021-01-31,0.149606304
2021-02-01,0.0
2021-02-02,0.0
2021-02-03,0.0
2021-02-04,0.299212608
2021-02-05,0.0
2021-02-06,0.110236224
2021-02-07,0.0
2021-02-08,0.0
2021-02-09,0.0
2021-02-10,0.03937008
2021-02-11,0.05905512
2021-02-12,0.03937008
2021-02-13,0.0
2021-02-14,0.07874016
2021-02-15,0.460629936
2021-02-16,0.0
2021-02-17,0.6496063200000001
2021-02-18,0.0
2021-02-19,0.0
2021-02-20,0.0
2021-02-21,0.0
2021-02-22,0.03937008
2021-02-23,0.0
2021-02-24,0.0
2021-02-25,0.051181104000000005
2021-02-26,0.0
2021-02-27,0.0
2021-02-28,0.279527568
2021-03-01,0.5905512
2021-03-02,0.700787424
2021-03-03,0.0
2021-03-04,0.0
2021-03-05,0.0
2021-03-06,0.0
2021-03-07,0.0
2021-03-08,0.0
2021-03-09,0.0
2021-03-10,0.0
2021-03-11,0.0
2021-03-12,0.0
2021-03-13,0.0
2021-03-14,0.0
2021-03-15,0.61023624
2021-03-16,0.161417328
2021-03-17,0.9094488480000001
2021-03-18,0.0
2021-03-19,0.0
2021-03-20,0.0
2021-03-21,0.0
2021-03-22,0.0
2021-03-23,0.70866144
2021-03-24,0.070866144
2021-03-25,0.33070867200000004
2021-03-26,0.0
2021-03-27,0.0
2021-03-28,0.358267728
2021-03-29,0.0
2021-03-30,0.33070867200000004
2021-03-31,0.960629952
2021-04-01,0.0
2021-04-02,0.0
2021-04-03,0.0
2021-04-04,0.0
2021-04-05,0.0
2021-04-06,0.0
2021-04-07,0.169291344
2021-04-08,0.0
2021-04-09,4.551181248
2021-04-10,0.811023648
2021-04-11,0.0
2021-04-12,0.0
2021-04-13,0.0
2021-04-14,1.059055152
2021-04-15,0.0
2021-04-16,0.169291344
2021-04-17,0.0
2021-04-18,0.0
2021-04-19,0.0
2021-04-20,0.0
2021-04-21,0.0
2021-04-22,0.0
2021-04-23,1.610236272
2021-04-24,1.429133904
2021-04-25,0.0
2021-04-26,0.0
2021-04-27,0.0
2021-04-28,0.0
2021-04-29,0.03937008
2021-04-30,0.46850395200000006
2021-05-01,0.0
2021-05-02,0.208661424
2021-05-03,0.0
2021-05-04,1.090551216
2021-05-05,0.0
2021-05-06,0.0
2021-05-07,0.0
2021-05-08,0.0
2021-05-09,0.53149608
2021-05-10,0.011811024
2021-05-11,0.370078752
2021-05-12,0.011811024
2021-05-13,0.0
2021-05-14,0.0
2021-05-15,0.0
2021-05-16,0.0
2021-05-17,0.31102363200000005
2021-05-18,0.559055136
2021-05-19,0.0
2021-05-20,0.0
2021-05-21,0.0
2021-05-22,0.0
2021-05-23,0.0
2021-05-24,0.0
2021-05-25,0.031496064000000004
2021-05-26,0.0
2021-05-27,0.0
2021-05-28,0.0
2021-05-29,0.0
2021-05-30,0.0
2021-05-31,0.0
2021-06-01,0.51181104
2021-06-02,0.740157504
2021-06-03,0.0
2021-06-04,0.0
2021-06-05,0.03937008
2021-06-06,0.448818912
2021-06-07,1.31889768
2021-06-08,0.07874016
2021-06-09,0.031496064000000004
2021-06-10,0.141732288
2021-06-11,0.0
2021-06-12,0.0
2021-06-13,0.0
2021-06-14,0.11811024
2021-06-15,0.0
2021-06-16,0.0
2021-06-17,0.0
2021-06-18,0.0
2021-06-19,0.129921264
2021-06-20,0.0
2021-06-21,1.669291392
2021-06-22,0.0
2021-06-23,0.0
2021-06-24,0.0
2021-06-25,0.031496064000000004
2021-06-26,0.0
2021-06-27,0.0
2021-06-28,0.0
2021-06-29,0.0
2021-06-30,0.0
2021-07-01,0.03937008
2021-07-02,2.259842592
2021-07-03,0.0
2021-07-04,0.0
2021-07-05,0.338582688
2021-07-06,0.0
2021-07-07,1.2519685440000001
2021-07-08,0.031496064000000004
2021-07-09,0.0
2021-07-10,0.070866144
2021-07-11,0.8188976640000001
2021-07-12,0.448818912
2021-07-13,0.0
2021-07-14,1.188976416
2021-07-15,0.0
2021-07-16,0.7795275840000001
2021-07-17,0.6889764
2021-07-18,0.0
2021-07-19,0.460629936
2021-07-20,0.0984252
2021-07-21,0.0
2021-07-22,0.0
2021-07-23,0.0
2021-07-24,0.0
2021-07-25,0.0
2021-07-26,0.051181104000000005
2021-07-27,0.9094488480000001
2021-07-28,0.0
2021-07-29,0.0
2021-07-30,0.0
2021-07-31,0.0
2021-08-01,0.0
2021-08-02,0.7598425440000001
2021-08-03,0.0
2021-08-04,0.0
2021-08-05,0.0
2021-08-06,0.0
2021-08-07,0.0
2021-08-08,0.0
2021-08-09,0.0
2021-08-10,0.0
2021-08-11,0.0
2021-08-12,0.0
2021-08-13,0.0
2021-08-14,0.0
2021-08-15,0.0
2021-08-16,0.051181104000000005
2021-08-17,0.0
2021-08-18,0.0
2021-08-19,0.8503937280000001
2021-08-20,0.149606304
2021-08-21,0.0
2021-08-22,0.0
2021-08-23,0.0
2021-08-24,0.0
2021-08-25,0.188976384
2021-08-26,0.0
2021-08-27,0.0
2021-08-28,0.011811024
2021-08-29,0.228346464
2021-08-30,3.649606416
2021-08-31,0.01968504
2021-09-01,0.40944883200000004
2021-09-02,0.0
2021-09-03,0.0
2021-09-04,0.0
2021-09-05,0.188976384
2021-09-06,0.0
2021-09-07,0.0
2021-09-08,0.0
2021-09-09,0.0
2021-09-10,0.0
2021-09-11,0.0
2021-09-12,0.011811024
2021-09-13,0.0
2021-09-14,0.338582688
2021-09-15,0.141732288
2021-09-16,0.0
2021-09-17,0.0
2021-09-18,0.0
2021-09-19,0.0
2021-09-20,0.09055118399999999
2021-09-21,0.0
2021-09-22,0.070866144
2021-09-23,0.0
2021-09-24,0.0
2021-09-25,0.0
2021-09-26,0.0
2021-09-27,0.0
2021-09-28,0.141732288
2021-09-29,0.200787408
2021-09-30,0.0
2021-10-01,0.0
2021-10-02,0.03937008
2021-10-03,0.0
2021-10-04,0.0
2021-10-05,0.220472448
2021-10-06,0.0
2021-10-07,0.0
2021-10-08,0.0
2021-10-09,0.0
2021-10-10,0.0
2021-10-11,0.0
2021-10-12,0.0
2021-10-13,0.0
2021-10-14,0.03937008
2021-10-15,0.240157488
2021-10-16,0.0
2021-10-17,0.0
2021-10-18,0.0
2021-10-19,0.0
2021-10-20,0.0
2021-10-21,0.0
2021-10-22,0.0
2021-10-23,0.0
2021-10-24,0.0
2021-10-25,0.0
2021-10-26,0.0
2021-10-27,1.129921296
2021-10-28,0.031496064000000004
2021-10-29,0.0
2021-10-30,0.0
2021-10-31,0.0
2021-11-01,0.0
2021-11-02,0.0
2021-11-03,0.051181104000000005
2021-11-04,0.011811024
2021-11-05,0.0
2021-11-06,0.0
2021-11-07,0.0
2021-11-08,0.0
2021-11-09,0.0
2021-11-10,0.0
2021-11-11,0.188976384
2021-11-12,0.0
2021-11-13,0.0
2021-11-14,0.0
2021-11-15,0.0
2021-11-16,0.0
2021-11-17,0.0
2021-11-18,0.0
2021-11-19,0.0
2021-11-20,0.0
2021-11-21,0.429133872
2021-11-22,0.05905512
2021-11-23,0.0
2021-11-24,0.0
2021-11-25,0.110236224
2021-11-26,0.0
2021-11-27,0.0
2021-11-28,0.11811024
2021-11-29,0.0
2021-11-30,0.0
2021-12-01,0.0
2021-12-02,0.0
2021-12-03,0.0
2021-12-04,0.0
2021-12-05,0.0
2021-12-06,1.5000000480000002
2021-12-07,0.011811024
2021-12-08,0.011811024
2021-12-09,0.0
2021-12-10,0.0
2021-12-11,0.9488189280000001
2021-12-12,0.0
2021-12-13,0.0
2021-12-14,0.0
2021-12-15,0.0
2021-12-16,0.0
2021-12-17,0.01968504
2021-12-18,0.279527568
2021-12-19,0.0
2021-12-20,0.38976379200000005
2021-12-21,0.0
2021-12-22,0.0
2021-12-23,0.0
2021-12-24,0.0
2021-12-25,0.0
2021-12-26,0.0
2021-12-27,0.0
2021-12-28,0.03937008
2021-12-29,0.011811024
2021-12-30,0.0
2021-12-31,0.0
2022-01-01,0.0
2022-01-02,0.129921264
2022-01-03,0.0
2022-01-04,0.0
2022-01-05,0.0
2022-01-06,0.031496064000000004
2022-01-07,0.0
2022-01-08,0.0
2022-01-09,1.688976432
2022-01-10,0.0
2022-01-11,0.0
2022-01-12,0.0
2022-01-13,0.0
2022-01-14,0.0
2022-01-15,0.48818899200000004
2022-01-16,0.0
2022-01-17,0.0
2022-01-18,0.0
2022-01-19,1.129921296
2022-01-20,0.57086616
2022-01-21,0.0
2022-01-22,0.0
2022-01-23,0.0
2022-01-24,0.07874016
2022-01-25,0.240157488
2022-01-26,0.0
2022-01-27,0.0
2022-01-28,0.0
2022-01-29,0.0
2022-01-30,0.0
2022-01-31,0.0
2022-02-01,0.011811024
2022-02-02,0.149606304
2022-02-03,0.141732288
2022-02-04,0.0
2022-02-05,0.0
2022-02-06,0.0
2022-02-07,0.0
2022-02-08,0.0
2022-02-09,0.0
2022-02-10,0.0
2022-02-11,0.0
2022-02-12,0.0
2022-02-13,0.0
2022-02-14,0.0
2022-02-15,0.0
2022-02-16,0.0
2022-02-17,1.090551216
2022-02-18,0.0
2022-02-19,0.0
2022-02-20,0.0
2022-02-21,0.070866144
2022-02-22,0.0
2022-02-23,0.01968504
2022-02-24,0.09055118399999999
2022-02-25,0.0
2022-02-26,0.011811024
2022-02-27,0.05905512
2022-02-28,0.0
2022-03-01,0.0
2022-03-02,0.0
2022-03-03,0.0
2022-03-04,0.0
2022-03-05,0.0
2022-03-06,0.0
2022-03-07,0.051181104000000005
2022-03-08,4.141732416
2022-03-09,0.0
2022-03-10,0.0
2022-03-11,0.070866144
2022-03-12,0.0
2022-03-13,0.0
2022-03-14,0.01968504
2022-03-15,1.090551216
2022-03-16,0.0
2022-03-17,0.0
2022-03-18,1.5196850880000001
2022-03-19,0.0
2022-03-20,0.0
2022-03-21,0.0
2022-03-22,2.4685040160000002
2022-03-23,0.01968504
2022-03-24,0.0
2022-03-25,0.0
2022-03-26,0.0
2022-03-27,0.0
2022-03-28,0.0
2022-03-29,0.0
2022-03-30,1.7992126560000001
2022-03-31,0.0
2022-04-01,0.0
2022-04-02,0.0
2022-04-03,0.0
2022-04-04,0.0
2022-04-05,1.8110236800000001
2022-04-06,0.0
2022-04-07,0.0
2022-04-08,0.0
2022-04-09,0.0
2022-04-10,0.0
2022-04-11,0.681102384
2022-04-12,0.01968504
2022-04-13,3.2913386879999997
2022-04-14,0.0
2022-04-15,0.01968504
2022-04-16,0.480314976
2022-04-17,1.531496112
2022-04-18,0.011811024
2022-04-19,0.0
2022-04-20,0.03937008
2022-04-21,0.0
2022-04-22,0.0
2022-04-23,0.0
2022-04-24,0.0
2022-04-25,0.279527568
2022-04-26,0.01968504
2022-04-27,0.0
2022-04-28,0.0
2022-04-29,0.0
2022-04-30,0.0
2022-05-01,0.129921264
2022-05-02,0.0
2022-05-03,0.0
2022-05-04,0.0
2022-05-05,0.350393712
2022-05-06,0.0
2022-05-07,0.0
2022-05-08,0.0
2022-05-09,0.0
2022-05-10,0.0
2022-05-11,0.0
2022-05-12,1.051181136
2022-05-13,0.299212608
2022-05-14,0.0
2022-05-15,0.03937008
2022-05-16,0.0
2022-05-17,0.0
2022-05-18,0.0
2022-05-19,0.0
2022-05-20,0.0
2022-05-21,0.0
2022-05-22,0.881889792
2022-05-23,0.0
2022-05-24,0.858267744
2022-05-25,1.370078784
2022-05-26,0.051181104000000005
2022-05-27,0.0
2022-05-28,0.0
2022-05-29,0.0
2022-05-30,0.0
2022-05-31,0.0
2022-06-01,0.0
2022-06-02,0.31102363200000005
2022-06-03,0.09055118399999999
2022-06-04,0.0
2022-06-05,0.0
2022-06-06,0.0
2022-06-07,0.0
2022-06-08,0.0
2022-06-09,0.0
2022-06-10,1.980315024
2022-06-11,0.0
2022-06-12,0.0
2022-06-13,0.0
2022-06-14,0.0
2022-06-15,0.0
2022-06-16,0.539370096
2022-06-17,0.0
2022-06-18,0.0
2022-06-19,0.0
2022-06-20,0.0
2022-06-21,0.0
2022-06-22,0.0
2022-06-23,0.0
2022-06-24,0.0
2022-06-25,0.0
2022-06-26,0.448818912
2022-06-27,0.0
2022-06-28,0.0
2022-06-29,0.0
2022-06-30,0.0
2022-07-01,0.9881890080000001
2022-07-02,0.05905512
2022-07-03,0.228346464
2022-07-04,1.7598425760000003
2022-07-05,0.641732304
2022-07-06,0.0
2022-07-07,0.0
2022-07-08,0.0
2022-07-09,0.8700787680000001
2022-07-10,0.0
2022-07-11,0.0
2022-07-12,0.0
2022-07-13,0.0
2022-07-14,0.01968504
2022-07-15,0.0
2022-07-16,0.0
2022-07-17,0.03937008
2022-07-18,0.259842528
2022-07-19,0.0
2022-07-20,0.0
2022-07-21,0.0
2022-07-22,0.681102384
2022-07-23,0.070866144
2022-07-24,0.440944896
2022-07-25,0.011811024
2022-07-26,0.169291344
2022-07-27,0.0
2022-07-28,0.01968504
2022-07-29,0.401574816
2022-07-30,0.011811024
2022-07-31,0.0
2022-08-01,0.03937008
2022-08-02,0.370078752
2022-08-03,0.57086616
2022-08-04,1.5787402080000001
2022-08-05,0.0
2022-08-06,0.0
2022-08-07,0.0
2022-08-08,0.09055118399999999
2022-08-09,0.01968504
2022-08-10,0.188976384
2022-08-11,0.40944883200000004
2022-08-12,0.18110236799999999
2022-08-13,0.0
2022-08-14,0.0
2022-08-15,0.0
2022-08-16,0.7204724640000001
2022-08-17,0.0
2022-08-18,0.188976384
2022-08-19,0.0984252
2022-08-20,0.051181104000000005
2022-08-21,0.011811024
2022-08-22,1.83070872
2022-08-23,3.220472544
2022-08-24,2.649606384
2022-08-25,0.429133872
2022-08-26,0.0
2022-08-27,0.0
2022-08-28,0.0
2022-08-29,0.0
2022-08-30,0.228346464
2022-08-31,0.0
2022-09-01,0.0
2022-09-02,0.0
2022-09-03,0.271653552
2022-09-04,0.011811024
2022-09-05,0.0
2022-09-06,0.031496064000000004
2022-09-07,0.279527568
2022-09-08,0.0
2022-09-09,0.940944912
2022-09-10,0.01968504
2022-09-11,0.0
2022-09-12,0.0
2022-09-13,0.0
2022-09-14,0.0
2022-09-15,0.0
2022-09-16,0.0
2022-09-17,0.0
2022-09-18,0.0
2022-09-19,0.0
2022-09-20,0.0
2022-09-21,0.0
2022-09-22,0.0
2022-09-23,0.0
2022-09-24,0.0
2022-09-25,0.0
2022-09-26,0.0
2022-09-27,0.0
2022-09-28,0.0
2022-09-29,0.0
2022-09-30,0.0
2022-10-01,0.0
2022-10-02,0.0
2022-10-03,0.0
2022-10-04,0.0
2022-10-05,0.0
2022-10-06,0.0
2022-10-07,0.0
2022-10-08,0.0
2022-10-09,0.0
2022-10-10,0.0
2022-10-11,0.0
2022-10-12,0.0
2022-10-13,0.25196851200000003
2022-10-14,0.0
2022-10-15,0.0
2022-10-16,0.0
2022-10-17,0.0
2022-10-18,0.0
2022-10-19,0.0
2022-10-20,0.0
2022-10-21,0.0
2022-10-22,0.0
2022-10-23,0.0
2022-10-24,0.0
2022-10-25,0.271653552
2022-10-26,0.0
2022-10-27,0.0
2022-10-28,0.0
2022-10-29,1.16141736
2022-10-30,0.0
2022-10-31,0.0
2022-11-01,0.0
2022-11-02,0.0
2022-11-03,0.0
2022-11-04,0.0
2022-11-05,1.9881890400000002
2022-11-06,0.0
2022-11-07,0.0
2022-11-08,0.0
2022-11-09,0.0
2022-11-10,0.0
2022-11-11,0.25196851200000003
2022-11-12,0.129921264
2022-11-13,0.0
2022-11-14,0.618110256
2022-11-15,0.350393712
2022-11-16,0.0
2022-11-17,0.0
2022-11-18,0.0
2022-11-19,0.0
2022-11-20,0.0
2022-11-21,0.0
2022-11-22,0.0
2022-11-23,0.0
2022-11-24,0.291338592
2022-11-25,0.031496064000000004
2022-11-26,0.641732304
2022-11-27,0.0
2022-11-28,0.0
2022-11-29,0.271653552
2022-11-30,0.18110236799999999
2022-12-01,0.0
2022-12-02,0.0
2022-12-03,0.03937008
2022-12-04,0.0
2022-12-05,0.0
2022-12-06,0.0
2022-12-07,0.0
2022-12-08,0.0
2022-12-09,0.0
2022-12-10,0.0
2022-12-11,0.129921264
2022-12-12,0.0
2022-12-13,0.011811024
2022-12-14,2.40157488
2022-12-15,0.0
2022-12-16,0.0
2022-12-17,0.0
2022-12-18,0.0
2022-12-19,0.618110256
2022-12-20,0.169291344
2022-12-21,0.0
2022-12-22,0.01968504
2022-12-23,0.0
2022-12-24,0.0
2022-12-25,0.0
2022-12-26,0.0
2022-12-27,0.0
2022-12-28,0.0
2022-12-29,0.07874016
2022-12-30,1.2519685440000001
2022-12-31,0.0
2023-01-01,0.0
2023-01-02,0.031496064000000004
2023-01-03,0.421259856
2023-01-04,0.0
2023-01-05,0.0
2023-01-06,0.0
2023-01-07,0.0
2023-01-08,1.401574848
2023-01-09,0.0
2023-01-10,0.0
2023-01-11,0.0
2023-01-12,0.161417328
2023-01-13,0.0
2023-01-14,0.0
2023-01-15,0.0
2023-01-16,0.440944896
2023-01-17,0.519685056
2023-01-18,0.48818899200000004
2023-01-19,0.0
2023-01-20,0.011811024
2023-01-21,0.8307086880000001
2023-01-22,0.01968504
2023-01-23,0.0
2023-01-24,1.350393744
2023-01-25,0.01968504
2023-01-26,0.0
2023-01-27,0.0
2023-01-28,0.0
2023-01-29,0.9803149919999999
2023-01-30,0.05905512
2023-01-31,0.40944883200000004
2023-02-01,0.18110236799999999
2023-02-02,1.488189024
2023-02-03,0.0
2023-02-04,0.0
2023-02-05,0.0
2023-02-06,0.0
2023-02-07,0.0
2023-02-08,0.799212624
2023-02-09,0.0
2023-02-10,0.0
2023-02-11,1.208661456
2023-02-12,0.0
2023-02-13,0.0
2023-02-14,0.0
2023-02-15,0.0
2023-02-16,0.519685056
2023-02-17,0.0
2023-02-18,0.0
2023-02-19,0.0
2023-02-20,0.0
2023-02-21,0.0
2023-02-22,0.0
2023-02-23,0.0
2023-02-24,0.0
2023-02-25,0.0
2023-02-26,0.0
2023-02-27,0.0
2023-02-28,0.0
2023-03-01,0.0
2023-03-02,0.01968504
2023-03-03,0.070866144
2023-03-04,0.0
2023-03-05,0.0
2023-03-06,0.0
2023-03-07,0.0
2023-03-08,0.070866144
2023-03-09,0.0
2023-03-10,0.07874016
2023-03-11,0.0
2023-03-12,1.6181102880000002
2023-03-13,0.0
2023-03-14,0.0
2023-03-15,0.0
2023-03-16,0.0
2023-03-17,0.6614173440000001
2023-03-18,0.0
2023-03-19,0.0
2023-03-20,0.0
2023-03-21,0.0
2023-03-22,0.0
2023-03-23,0.0
2023-03-24,0.291338592
2023-03-25,0.031496064000000004
2023-03-26,2.259842592
2023-03-27,0.0
2023-03-28,0.0
2023-03-29,0.0
2023-03-30,0.0
2023-03-31,0.0
2023-04-01,0.358267728
2023-04-02,0.01968504
2023-04-03,0.66929136
2023-04-04,0.0
2023-04-05,1.2519685440000001
2023-04-06,0.46850395200000006
2023-04-07,0.960629952
2023-04-08,1.090551216
2023-04-09,0.0
2023-04-10,0.0
2023-04-11,0.0
2023-04-12,0.0
2023-04-13,1.90944888
2023-04-14,0.0
2023-04-15,0.0984252
2023-04-16,0.031496064000000004
2023-04-17,0.0
2023-04-18,0.0
2023-04-19,0.0
2023-04-20,0.0
2023-04-21,0.51181104
2023-04-22,0.0
2023-04-23,0.0
2023-04-24,0.0
2023-04-25,0.0
2023-04-26,0.0
2023-04-27,0.72834648
2023-04-28,0.0
2023-04-29,0.480314976
2023-04-30,0.0
2023-05-01,0.0
2023-05-02,0.0
2023-05-03,0.0
2023-05-04,0.0
2023-05-05,0.338582688
2023-05-06,0.0
2023-05-07,0.9803149919999999
2023-05-08,0.011811024
2023-05-09,0.149606304
2023-05-10,0.141732288
2023-05-11,0.799212624
2023-05-12,0.011811024
2023-05-13,0.0
2023-05-14,0.0
2023-05-15,0.0
2023-05-16,0.0
2023-05-17,0.11811024
2023-05-18,0.0
2023-05-19,0.0
2023-05-20,0.0
2023-05-21,0.0
2023-05-22,0.0
2023-05-23,0.0
2023-05-24,0.0
2023-05-25,0.0
2023-05-26,0.0
2023-05-27,0.031496064000000004
2023-05-28,0.0
2023-05-29,0.0
2023-05-30,0.0
2023-05-31,0.0
2023-06-01,0.0
2023-06-02,0.0
2023-06-03,0.05905512
2023-06-04,0.0
2023-06-05,0.370078752
2023-06-06,0.0
2023-06-07,0.011811024
2023-06-08,0.0
2023-06-09,0.0
2023-06-10,0.271653552
2023-06-11,0.0
2023-06-12,0.169291344
2023-06-13,0.578740176
2023-06-14,0.539370096
2023-06-15,0.161417328
2023-06-16,1.429133904
2023-06-17,0.0
2023-06-18,0.500000016
2023-06-19,0.0
2023-06-20,0.0
2023-06-21,0.0
2023-06-22,0.0
2023-06-23,0.0
2023-06-24,0.0
2023-06-25,0.7795275840000001
2023-06-26,0.129921264
2023-06-27,0.01968504
2023-06-28,0.0
2023-06-29,0.0
2023-06-30,0.350393712
2023-07-01,0.0
2023-07-02,0.0
2023-07-03,0.0
2023-07-04,0.62992128
2023-07-05,1.2401575200000001
2023-07-06,0.09055118399999999
2023-07-07,0.0
2023-07-08,0.48818899200000004
2023-07-09,0.48818899200000004
2023-07-10,0.0
2023-07-11,0.0
2023-07-12,0.011811024
2023-07-13,0.0
2023-07-14,0.0
2023-07-15,0.51181104
2023-07-16,0.011811024
2023-07-17,0.0
2023-07-18,0.0
2023-07-19,0.0
2023-07-20,0.0
2023-07-21,0.0
2023-07-22,0.0
2023-07-23,0.0
2023-07-24,0.0
2023-07-25,0.0
2023-07-26,0.0
2023-07-27,0.0
2023-07-28,0.129921264
2023-07-29,0.0
2023-07-30,0.0
2023-07-31,0.0
2023-08-01,0.0
2023-08-02,0.0
2023-08-03,0.0
2023-08-04,0.0
2023-08-05,0.0
2023-08-06,0.0
2023-08-07,0.0
2023-08-08,0.0
2023-08-09,0.0
2023-08-10,0.0
2023-08-11,0.0
2023-08-12,0.0
2023-08-13,0.0
2023-08-14,0.0
2023-08-15,0.0
2023-08-16,0.0
2023-08-17,0.0
2023-08-18,0.0
2023-08-19,0.0
2023-08-20,0.0
2023-08-21,0.0
2023-08-22,0.0
2023-08-23,0.0
2023-08-24,0.0
2023-08-25,0.0
2023-08-26,0.0
2023-08-27,0.0
2023-08-28,0.0
2023-08-29,0.0
2023-08-30,0.0
2023-08-31,0.0
2023-09-01,0.0
2023-09-02,0.0
2023-09-03,0.0
2023-09-04,0.0
2023-09-05,0.03937008
2023-09-06,0.161417328
2023-09-07,0.0
2023-09-08,0.0
2023-09-09,0.0
2023-09-10,0.0
2023-09-11,0.0
2023-09-12,0.0
2023-09-13,0.161417328
2023-09-14,0.03937008
2023-09-15,0.0
2023-09-16,0.0
2023-09-17,0.0
2023-09-18,0.0
2023-09-19,0.0
2023-09-20,0.0
2023-09-21,0.0
2023-09-22,0.0
2023-09-23,0.0
2023-09-24,0.0
2023-09-25,0.0
2023-09-26,0.0
2023-09-27,0.0
2023-09-28,0.0
2023-09-29,0.0
2023-09-30,0.0
2023-10-01,0.0
2023-10-02,0.0
2023-10-03,0.0
2023-10-04,0.0
2023-10-05,0.01968504
2023-10-06,0.03937008
2023-10-07,0.0
2023-10-08,0.0
2023-10-09,0.0
2023-10-10,0.0
2023-10-11,0.240157488
2023-10-12,0.01968504
2023-10-13,0.0
2023-10-14,0.0
2023-10-15,0.0
2023-10-16,0.0
2023-10-17,0.0
2023-10-18,0.0
2023-10-19,0.0
2023-10-20,0.0
2023-10-21,0.0
2023-10-22,0.0
2023-10-23,0.0
2023-10-24,0.0
2023-10-25,0.0
2023-10-26,0.0
2023-10-27,0.0
2023-10-28,0.0
2023-10-29,0.0
2023-10-30,0.0
2023-10-31,0.0
2023-11-01,0.0
2023-11-02,0.0
2023-11-03,0.0
2023-11-04,0.0
2023-11-05,0.0
2023-11-06,0.0
2023-11-07,0.0
2023-11-08,0.0
2023-11-09,0.0
2023-11-10,0.578740176
2023-11-11,0.228346464
2023-11-12,0.0
2023-11-13,0.0
2023-11-14,0.48818899200000004
2023-11-15,0.299212608
2023-11-16,0.0
2023-11-17,0.0
2023-11-18,0.0
2023-11-19,0.0
2023-11-20,0.460629936
2023-11-21,0.0
2023-11-22,0.0
2023-11-23,0.0
2023-11-24,0.011811024
2023-11-25,0.0
2023-11-26,0.05905512
2023-11-27,0.0
2023-11-28,0.0
2023-11-29,0.0
2023-11-30,0.149606304
2023-12-01,0.51181104
2023-12-02,0.051181104000000005
2023-12-03,0.0
2023-12-04,0.0
2023-12-05,0.0
2023-12-06,0.0
2023-12-07,0.0
2023-12-08,0.0
2023-12-09,1.188976416
2023-12-10,0.0
2023-12-11,0.0
2023-12-12,0.0
2023-12-13,0.0
2023-12-14,0.0
2023-12-15,0.0
2023-12-16,0.279527568
2023-12-17,0.0
2023-12-18,0.0
2023-12-19,0.0
2023-12-20,0.0
2023-12-21,0.0
2023-12-22,0.0
2023-12-23,0.0
2023-12-24,0.858267744
2023-12-25,0.500000016
2023-12-26,0.0
2023-12-27,0.0
2023-12-28,0.0
2023-12-29,0.0
2023-12-30,0.0
2023-12-31,0.0
2024-01-01,0.0
2024-01-02,0.0
2024-01-03,0.0
2024-01-04,0.0
2024-01-05,0.7913386080000001
2024-01-06,0.0
2024-01-07,0.0
2024-01-08,1.90944888
2024-01-09,0.141732288
2024-01-10,0.0
2024-01-11,0.0
2024-01-12,0.18110236799999999
2024-01-13,0.0
2024-01-14,0.0
2024-01-15,0.01968504
2024-01-16,0.0
2024-01-17,0.0
2024-01-18,0.011811024
2024-01-19,0.0
2024-01-20,0.0
2024-01-21,0.0
2024-01-22,0.0
2024-01-23,0.220472448
2024-01-24,2.61811032
2024-01-25,0.618110256
2024-01-26,0.161417328
2024-01-27,1.051181136
2024-01-28,0.0
2024-01-29,0.0
2024-01-30,0.0
2024-01-31,0.0
2024-02-01,0.0
2024-02-02,0.0
2024-02-03,0.641732304
2024-02-04,0.9881890080000001
2024-02-05,0.01968504
2024-02-06,0.0
2024-02-07,0.0
2024-02-08,0.0
2024-02-09,0.0
2024-02-10,0.46850395200000006
2024-02-11,2.7204725279999997
2024-02-12,0.011811024
2024-02-13,0.0
2024-02-14,0.0
2024-02-15,0.0
2024-02-16,0.0
2024-02-17,0.0
2024-02-18,0.0
2024-02-19,0.0
2024-02-20,0.0
2024-02-21,0.0
2024-02-22,0.0
2024-02-23,0.0
2024-02-24,0.0
2024-02-25,0.0
2024-02-26,0.0
2024-02-27,0.0
2024-02-28,0.011811024
2024-02-29,0.0
2024-03-01,0.48818899200000004
2024-03-02,0.0
2024-03-03,0.0
2024-03-04,0.09055118399999999
2024-03-05,0.681102384
2024-03-06,0.0
2024-03-07,0.0
2024-03-08,3.200787504
2024-03-09,0.0
2024-03-10,0.0
2024-03-11,0.0
2024-03-12,0.0
2024-03-13,0.0
2024-03-14,0.0
2024-03-15,0.358267728
2024-03-16,0.07874016
2024-03-17,0.7716535680000001
2024-03-18,0.0
2024-03-19,0.0
2024-03-20,0.0
2024-03-21,0.0
2024-03-22,0.0984252
2024-03-23,0.01968504
2024-03-24,0.0
2024-03-25,2.011811088
2024-03-26,0.051181104000000005
2024-03-27,0.0
2024-03-28,0.0
2024-03-29,0.0
2024-03-30,0.0
2024-03-31,0.0
2024-04-01,0.0
2024-04-02,0.0
2024-04-03,0.0
2024-04-04,0.0
2024-04-05,0.0
2024-04-06,0.0
2024-04-07,0.0
2024-04-08,0.8503937280000001
2024-04-09,1.8188976960000003
2024-04-10,1.681102416
2024-04-11,0.011811024
2024-04-12,0.0
2024-04-13,0.0
2024-04-14,0.0
2024-04-15,0.0
2024-04-16,0.0
2024-04-17,0.0
2024-04-18,0.0
2024-04-19,0.0
2024-04-20,0.5905512
2024-04-21,0.440944896
2024-04-22,0.0
2024-04-23,0.0
2024-04-24,0.0
2024-04-25,0.0
2024-04-26,0.0
2024-04-27,0.0
2024-04-28,0.440944896
2024-04-29,0.161417328
2024-04-30,0.0
2024-05-01,0.0
2024-05-02,0.0
2024-05-03,0.421259856
2024-05-04,0.0
2024-05-05,0.0
2024-05-06,0.0
2024-05-07,0.0
2024-05-08,0.0
2024-05-09,1.688976432
2024-05-10,0.0
2024-05-11,0.0
2024-05-12,0.539370096
2024-05-13,1.098425232
2024-05-14,0.0
2024-05-15,0.0
2024-05-16,0.370078752
2024-05-17,0.03937008
2024-05-18,0.0
2024-05-19,0.0
2024-05-20,0.0
2024-05-21,0.0
2024-05-22,0.011811024
2024-05-23,1.488189024
2024-05-24,0.0
2024-05-25,0.0
2024-05-26,0.0
2024-05-27,0.03937008
2024-05-28,0.0
2024-05-29,0.169291344
2024-05-30,0.62992128
2024-05-31,1.129921296
2024-06-01,0.7598425440000001
2024-06-02,0.0
2024-06-03,0.8700787680000001
2024-06-04,0.921259872
2024-06-05,0.129921264
2024-06-06,0.0
2024-06-07,0.0
2024-06-08,0.0
2024-06-09,0.0
2024-06-10,0.0
2024-06-11,0.0
2024-06-12,0.0
2024-06-13,0.0
2024-06-14,0.0
2024-06-15,0.0
2024-06-16,0.0
2024-06-17,1.169291376
2024-06-18,0.0
2024-06-19,0.0
2024-06-20,0.0
2024-06-21,0.0
2024-06-22,0.0
2024-06-23,0.0
2024-06-24,0.220472448
2024-06-25,0.0
2024-06-26,0.25196851200000003
2024-06-27,0.129921264
2024-06-28,0.0
2024-06-29,0.01968504
2024-06-30,0.141732288
2024-07-01,0.0
2024-07-02,0.0
2024-07-03,0.40944883200000004
2024-07-04,0.031496064000000004
2024-07-05,0.25196851200000003
2024-07-06,0.0
2024-07-07,0.0
2024-07-08,0.188976384
2024-07-09,0.141732288
2024-07-10,0.0
2024-07-11,0.0
2024-07-12,0.0
2024-07-13,0.0
2024-07-14,0.0
2024-07-15,0.0
2024-07-16,0.0
2024-07-17,0.0
2024-07-18,0.0
2024-07-19,0.5511811200000001
2024-07-20,0.0
2024-07-21,0.271653552
2024-07-22,0.0984252
2024-07-23,0.480314976
2024-07-24,0.318897648
2024-07-25,0.11811024
2024-07-26,0.578740176
2024-07-27,0.0
2024-07-28,0.0
2024-07-29,0.0
2024-07-30,0.0
2024-07-31,0.0
2024-08-01,0.0
2024-08-02,0.0
2024-08-03,0.0
2024-08-04,0.0
2024-08-05,0.0
2024-08-06,0.0
2024-08-07,0.0
2024-08-08,0.0
2024-08-09,0.0
2024-08-10,0.0
2024-08-11,0.0
2024-08-12,0.0
2024-08-13,0.0
2024-08-14,0.0
2024-08-15,0.0
2024-08-16,0.0
2024-08-17,0.0
2024-08-18,0.200787408
2024-08-19,0.0
2024-08-20,0.0
2024-08-21,0.0
2024-08-22,0.0
2024-08-23,0.0
2024-08-24,0.0
2024-08-25,0.0
2024-08-26,0.0
2024-08-27,0.0
2024-08-28,0.188976384
2024-08-29,0.460629936
2024-08-30,0.141732288
2024-08-31,0.011811024
2024-09-01,0.0
2024-09-02,0.0
2024-09-03,0.0
2024-09-04,0.0
2024-09-05,0.220472448
2024-09-06,1.078740192
2024-09-07,0.0
2024-09-08,0.0
2024-09-09,0.0
2024-09-10,0.0
2024-09-11,0.18110236799999999
2024-09-12,2.570866224
2024-09-13,0.0
2024-09-14,0.0
2024-09-15,0.01968504
2024-09-16,0.0984252
2024-09-17,0.0
2024-09-18,0.0
2024-09-19,0.0
2024-09-20,0.0
2024-09-21,0.0
2024-09-22,0.0
2024-09-23,0.0
2024-09-24,0.200787408
2024-09-25,0.338582688
2024-09-26,0.0
2024-09-27,0.0
2024-09-28,0.0
2024-09-29,0.0
2024-09-30,0.0
2024-10-01,0.0
2024-10-02,0.0
2024-10-03,0.0
2024-10-04,0.0
2024-10-05,0.0
2024-10-06,0.0
2024-10-07,0.0
2024-10-08,0.0
2024-10-09,0.0
2024-10-10,0.0
2024-10-11,0.0
2024-10-12,0.0
2024-10-13,0.0
2024-10-14,0.0
2024-10-15,0.0
2024-10-16,0.0
2024-10-17,0.0
2024-10-18,0.0
2024-10-19,0.0
2024-10-20,0.0
2024-10-21,0.0
2024-10-22,0.0
2024-10-23,0.0
2024-10-24,0.0
2024-10-25,0.0
2024-10-26,0.0
2024-10-27,0.0
2024-10-28,0.0
2024-10-29,0.0
2024-10-30,0.0
2024-10-31,0.641732304
2024-11-01,0.09055118399999999
2024-11-02,0.0
2024-11-03,0.0
2024-11-04,0.011811024
2024-11-05,0.220472448
2024-11-06,0.0
2024-11-07,0.0
2024-11-08,0.0
2024-11-09,0.05905512
2024-11-10,0.271653552
2024-11-11,0.0
2024-11-12,0.011811024
2024-11-13,0.799212624
2024-11-14,0.0
2024-11-15,0.0
2024-11-16,0.0
2024-11-17,0.0
2024-11-18,0.141732288
2024-11-19,1.7007874560000003
2024-11-20,0.0
2024-11-21,0.0
2024-11-22,0.0
2024-11-23,0.0
2024-11-24,0.0
2024-11-25,0.110236224
2024-11-26,0.0
2024-11-27,0.0
2024-11-28,0.0
2024-11-29,0.0
2024-11-30,0.0
2024-12-01,0.0
2024-12-02,0.0
2024-12-03,0.0
2024-12-04,0.07874016
2024-12-05,0.129921264
2024-12-06,0.0
2024-12-07,0.0
2024-12-08,0.72834648
2024-12-09,0.110236224
2024-12-10,0.110236224
2024-12-11,0.0
2024-12-12,0.0
2024-12-13,0.0
2024-12-14,0.0
2024-12-15,0.03937008
2024-12-16,0.0
2024-12-17,0.051181104000000005
2024-12-18,0.01968504
2024-12-19,0.0
2024-12-20,0.0
2024-12-21,0.0
2024-12-22,0.0
2024-12-23,0.0
2024-12-24,0.0
2024-12-25,0.03937008
2024-12-26,0.011811024
2024-12-27,1.20078744
2024-12-28,0.72834648
2024-12-29,0.0
2024-12-30,0.0
2024-12-31,0.0
2025-01-01,0.0
2025-01-02,0.0
2025-01-03,0.0
2025-01-04,0.0
2025-01-05,0.57086616
2025-01-06,0.0
2025-01-07,0.0
2025-01-08,0.0
2025-01-09,0.11811024
2025-01-10,1.350393744
2025-01-11,0.0
2025-01-12,0.0
2025-01-13,0.011811024
2025-01-14,0.0
2025-01-15,0.0
2025-01-16,0.0
2025-01-17,0.051181104000000005
2025-01-18,0.0
2025-01-19,0.0
2025-01-20,0.0
2025-01-21,0.0
2025-01-22,0.0
2025-01-23,0.0
2025-01-24,0.0
2025-01-25,0.0
2025-01-26,0.9803149919999999
2025-01-27,0.370078752
2025-01-28,0.0
2025-01-29,0.0
2025-01-30,1.059055152
2025-01-31,1.011811056
2025-02-01,0.0
2025-02-02,0.0
2025-02-03,0.0
2025-02-04,0.0
2025-02-05,0.0
2025-02-06,0.0
2025-02-07,0.0
2025-02-08,0.0
2025-02-09,0.011811024
2025-02-10,0.0
2025-02-11,0.7598425440000001
2025-02-12,1.629921312
2025-02-13,0.0
2025-02-14,0.318897648
2025-02-15,0.7913386080000001
2025-02-16,0.0
2025-02-17,0.0
2025-02-18,0.0
2025-02-19,0.070866144
2025-02-20,0.0
2025-02-21,0.0
2025-02-22,0.0
2025-02-23,1.610236272
2025-02-24,0.0
2025-02-25,0.0
2025-02-26,0.0
2025-02-27,0.0
2025-02-28,0.0
